week,team,position,player,team_defense_frec,team_defense_safe,team_puntret_tds,team_points_allowed,team_kickret_tds,team_defense_tds,team_defense_int,team_defense_sk,team_defense_two_pt_return,defense_two_pt_return,kicking_fgm_yds,kicking_xpmade,rushing_yds,rushing_twoptm,rushing_tds,fumbles_lost,receiving_yds,receiving_rec,receiving_tds,receiving_twoptm,passing_yds,passing_tds,passing_twoptm,passing_ints,defense_puntblk,defense_fgblk
6.0,CAR,DEFENSE,CAR-DEFENSE,1.0,0.0,0.0,28.0,0.0,0.0,0.0,3.0,0.0,,,,,,,,,,,,,,,,,
6.0,PHI,DEFENSE,PHI-DEFENSE,0.0,0.0,0.0,23.0,0.0,0.0,3.0,1.0,0.0,,,,,,,,,,,,,,,,,
6.0,ATL,DEFENSE,ATL-DEFENSE,0.0,0.0,0.0,20.0,0.0,0.0,1.0,0.0,0.0,,,,,,,,,,,,,,,,,
6.0,MIA,DEFENSE,MIA-DEFENSE,0.0,0.0,0.0,17.0,0.0,0.0,1.0,2.0,0.0,,,,,,,,,,,,,,,,,
6.0,BAL,DEFENSE,BAL-DEFENSE,2.0,0.0,1.0,27.0,1.0,0.0,0.0,3.5,0.0,,,,,,,,,,,,,,,,,
6.0,CHI,DEFENSE,CHI-DEFENSE,1.0,0.0,0.0,24.0,0.0,1.0,2.0,3.0,0.0,,,,,,,,,,,,,,,,,
6.0,HOU,DEFENSE,HOU-DEFENSE,0.0,1.0,0.0,17.0,0.0,1.0,3.0,4.0,0.0,,,,,,,,,,,,,,,,,
6.0,CLE,DEFENSE,CLE-DEFENSE,0.0,0.0,0.0,33.0,0.0,1.0,1.0,1.0,0.0,,,,,,,,,,,,,,,,,
6.0,MIN,DEFENSE,MIN-DEFENSE,0.0,0.0,0.0,10.0,0.0,0.0,3.0,3.0,0.0,,,,,,,,,,,,,,,,,
6.0,GB,DEFENSE,GB-DEFENSE,1.0,0.0,0.0,23.0,0.0,0.0,1.0,0.0,0.0,,,,,,,,,,,,,,,,,
6.0,NO,DEFENSE,NO-DEFENSE,2.0,0.0,0.0,38.0,0.0,3.0,3.0,5.0,0.0,,,,,,,,,,,,,,,,,
6.0,DET,DEFENSE,DET-DEFENSE,1.0,0.0,1.0,52.0,0.0,1.0,2.0,0.0,0.0,,,,,,,,,,,,,,,,,
6.0,NYJ,DEFENSE,NYJ-DEFENSE,1.0,0.0,0.0,24.0,0.0,0.0,1.0,0.0,0.0,,,,,,,,,,,,,,,,,
6.0,NE,DEFENSE,NE-DEFENSE,0.0,0.0,0.0,17.0,0.0,0.0,2.0,4.0,0.0,,,,,,,,,,,,,,,,,
6.0,WAS,DEFENSE,WAS-DEFENSE,0.0,0.0,0.0,24.0,0.0,0.0,1.0,2.5,0.0,,,,,,,,,,,,,,,,,
6.0,SF,DEFENSE,SF-DEFENSE,1.0,0.0,0.0,26.0,0.0,0.0,1.0,1.0,0.0,,,,,,,,,,,,,,,,,
6.0,ARI,DEFENSE,ARI-DEFENSE,0.0,0.0,0.0,33.0,0.0,0.0,2.0,1.0,0.0,,,,,,,,,,,,,,,,,
6.0,TB,DEFENSE,TB-DEFENSE,1.0,0.0,0.0,38.0,0.0,1.0,1.0,2.0,0.0,,,,,,,,,,,,,,,,,
6.0,JAX,DEFENSE,JAX-DEFENSE,1.0,0.0,0.0,27.0,0.0,0.0,0.0,3.0,0.0,,,,,,,,,,,,,,,,,
6.0,LA,DEFENSE,LA-DEFENSE,0.0,0.0,0.0,17.0,1.0,1.0,1.0,5.0,0.0,,,,,,,,,,,,,,,,,
6.0,KC,DEFENSE,KC-DEFENSE,0.0,0.0,0.0,19.0,0.0,0.0,1.0,1.0,0.0,,,,,,,,,,,,,,,,,
6.0,PIT,DEFENSE,PIT-DEFENSE,0.0,2.0,0.0,13.0,0.0,0.0,0.0,3.0,0.0,,,,,,,,,,,,,,,,,
6.0,OAK,DEFENSE,OAK-DEFENSE,1.0,0.0,0.0,17.0,0.0,0.0,0.0,1.0,0.0,,,,,,,,,,,,,,,,,
6.0,LAC,DEFENSE,LAC-DEFENSE,0.0,0.0,0.0,16.0,0.0,0.0,2.0,1.0,0.0,,,,,,,,,,,,,,,,,
6.0,DEN,DEFENSE,DEN-DEFENSE,0.0,0.0,0.0,23.0,0.0,0.0,0.0,3.0,0.0,,,,,,,,,,,,,,,,,
6.0,NYG,DEFENSE,NYG-DEFENSE,1.0,0.0,0.0,10.0,0.0,1.0,2.0,4.0,0.0,,,,,,,,,,,,,,,,,
6.0,TEN,DEFENSE,TEN-DEFENSE,1.0,0.0,0.0,22.0,0.0,0.0,0.0,0.0,0.0,,,,,,,,,,,,,,,,,
6.0,IND,DEFENSE,IND-DEFENSE,0.0,0.0,0.0,36.0,0.0,1.0,1.0,1.0,0.0,,,,,,,,,,,,,,,,,
6.0,CAR,K,G.Gano,,,,,,,,,,0.0,105.0,2.0,,,,,,,,,,,,,,
6.0,CAR,DE,M.Addison,,,,,,,,,,0.0,,,,,,,,,,,,,,,,
6.0,PHI,RB,L.Blount,,,,,,,,,,0.0,,,67.0,1.0,0.0,,,,,,,,,,,
6.0,CAR,DT,K.Short,,,,,,,,,,0.0,,,,,,0.0,,,,,,,,,,
6.0,PHI,WR,T.Smith,,,,,,,,,,0.0,,,,,,,6.0,1.0,0.0,0.0,,,,,,
6.0,CAR,CB,D.Worley,,,,,,,,,,0.0,,,,,,,,,,,,,,,,
6.0,PHI,QB,C.Wentz,,,,,,,,,,0.0,,,25.0,0.0,0.0,1.0,,,,,222.0,3.0,0.0,0.0,,
6.0,CAR,OLB,S.Thompson,,,,,,,,,,0.0,,,,,,,,,,,,,,,,
6.0,PHI,WR,N.Agholor,,,,,,,,,,0.0,,,,,,,55.0,4.0,1.0,0.0,,,,,,
6.0,PHI,OT,H.Vaitai,,,,,,,,,,0.0,,,,,,,,,,,,,,,,
6.0,CAR,OLB,J.Peppers,,,,,,,,,,0.0,,,,,,,,,,,,,,,,
6.0,CAR,RB,J.Stewart,,,,,,,,,,0.0,,,-4.0,0.0,0.0,,,,,,,,,,,
6.0,PHI,DE,F.Cox,,,,,,,,,,0.0,,,,,,,,,,,,,,,,
6.0,PHI,ILB,J.Hicks,,,,,,,,,,0.0,,,,,,,,,,,,,,,,
6.0,CAR,QB,C.Newton,,,,,,,,,,0.0,,,71.0,0.0,1.0,,,,,,239.0,1.0,0.0,3.0,,
6.0,CAR,WR,K.Benjamin,,,,,,,,,,0.0,,,,,,,99.0,9.0,0.0,0.0,,,,,,
6.0,PHI,LB,N.Bradham,,,,,,,,,,0.0,,,,,,,,,,,,,,,,
6.0,PHI,RB,K.Barner,,,,,,,,,,0.0,,,7.0,0.0,0.0,0.0,9.0,1.0,0.0,0.0,,,,,,
6.0,CAR,P,M.Palardy,,,,,,,,,,0.0,,,,,,,,,,,,,,,,
6.0,CAR,CB,C.Munnerlyn,,,,,,,,,,0.0,,,,,,,,,,,,,,,,
6.0,PHI,TE,T.Burton,,,,,,,,,,0.0,,,,,,,9.0,1.0,0.0,0.0,,,,,,
6.0,CAR,CB,J.Bradberry,,,,,,,,,,0.0,,,,,,,,,,,,,,,,
6.0,PHI,WR,A.Jeffery,,,,,,,,,,0.0,,,,,,,71.0,4.0,0.0,0.0,,,,,,
6.0,CAR,SS,M.Adams,,,,,,,,,,0.0,,,,,,,,,,,,,,,,
6.0,PHI,WR,M.Johnson,,,,,,,,,,0.0,,,,,,,16.0,1.0,0.0,0.0,,,,,,
6.0,CAR,MLB,L.Kuechly,,,,,,,,,,0.0,,,,,,,,,,,,,,,,
6.0,CAR,DT,V.Butler,,,,,,,,,,0.0,,,,,,,,,,,,,,,,
6.0,PHI,K,J.Elliott,,,,,,,,,,0.0,98.0,2.0,,,,,,,,,,,,,,
6.0,PHI,DB,P.Robinson,,,,,,,,,,0.0,,,,,,0.0,,,,,,,,,,
6.0,CAR,WR,C.McCaffrey,,,,,,,,,,0.0,,,8.0,0.0,0.0,0.0,56.0,10.0,1.0,0.0,,,,,,
6.0,PHI,FS,J.Mills,,,,,,,,,,0.0,,,,,,,,,,,,,,,,
6.0,PHI,DB,R.McLeod,,,,,,,,,,0.0,,,,,,,,,,,,,,,,
6.0,PHI,ILB,M.Kendricks,,,,,,,,,,0.0,,,,,,,,,,,,,,,,
6.0,CAR,RB,C.Samuel,,,,,,,,,,0.0,,,8.0,0.0,0.0,,,,,,,,,,,
6.0,CAR,TE,E.Dickson,,,,,,,,,,0.0,,,,,,,36.0,4.0,0.0,0.0,,,,,,
6.0,PHI,FS,M.Jenkins,,,,,,,,,,0.0,,,,,,,,,,,,,,,,
6.0,CAR,RB,F.Whittaker,,,,,,,,,,0.0,,,-3.0,0.0,0.0,,,,,,,,,,,
6.0,CAR,CB,K.Seymour,,,,,,,,,,0.0,,,,,,,,,,,,,,,,
6.0,PHI,OLB,K.Grugier-Hill,,,,,,,,,,0.0,,,,,,,,,,,,,,,,
6.0,PHI,P,D.Jones,,,,,,,,,,0.0,,,,,,,,,,,,,,,,
6.0,PHI,NT,B.Allen,,,,,,,,,,0.0,,,,,,,,,,,,,,,,
6.0,PHI,DE,C.Long,,,,,,,,,,0.0,,,,,,,,,,,,,,,,
6.0,PHI,DE,T.Jernigan,,,,,,,,,,0.0,,,,,,,,,,,,,,,,
6.0,PHI,RB,C.Clement,,,,,,,,,,0.0,,,2.0,0.0,0.0,,,,,,,,,,,
6.0,CAR,OLB,T.Davis,,,,,,,,,,0.0,,,,,,,,,,,,,,,,
6.0,PHI,FS,C.Maragos,,,,,,,,,,0.0,,,,,,,,,,,,,,,,
6.0,PHI,DE,V.Curry,,,,,,,,,,0.0,,,,,,,,,,,,,,,,
6.0,CAR,DE,Ch.Johnson,,,,,,,,,,0.0,,,,,,,,,,,,,,,,
6.0,CAR,FS,J.Byrd,,,,,,,,,,0.0,,,,,,,,,,,,,,,,
6.0,PHI,TE,Z.Ertz,,,,,,,,,,0.0,,,,,,,18.0,2.0,2.0,0.0,,,,,,
6.0,PHI,DEF,R.Douglas,,,,,,,,,,0.0,,,,,,,,,,,,,,,,
6.0,CAR,WR,D.Funchess,,,,,,,,,,0.0,,,,,,,36.0,3.0,0.0,0.0,,,,,,
6.0,CAR,DT,S.Lotulelei,,,,,,,,,,0.0,,,,,,,,,,,,,,,,
6.0,PHI,,N.Goode,,,,,,,,,,0.0,,,,,,,,,,,,,,,,
6.0,CAR,WR,R.Shepard,,,,,,,,,,0.0,,,,,,,12.0,2.0,0.0,0.0,,,,,,
6.0,PHI,OLB,B.Graham,,,,,,,,,,0.0,,,,,,,,,,,,,,,,
6.0,PHI,FS,C.Graham,,,,,,,,,,0.0,,,,,,,,,,,,,,,,
6.0,CAR,LB,D.Mayo,,,,,,,,,,0.0,,,,,,,,,,,,,,,,
6.0,PHI,WR,M.Hollins,,,,,,,,,,0.0,,,,,,,38.0,2.0,0.0,0.0,,,,,,
6.0,CAR,DB,C.Jones,,,,,,,,,,0.0,,,,,,,,,,,,,,,,
6.0,PHI,DEF,D.Barnett,,,,,,,,,,0.0,,,,,,,,,,,,,,,,
6.0,PHI,C,S.Wisniewski,,,,,,,,,,0.0,,,,,,,,,,,,,,,,
6.0,PHI,DEF,J.Hamilton,,,,,,,,,,0.0,,,,,,,,,,,,,,,,
6.0,PHI,ILB,J.Walker,,,,,,,,,,0.0,,,,,,,,,,,,,,,,
6.0,PHI,,R.Lovato,,,,,,,,,,0.0,,,,,,,,,,,,,,,,
6.0,MIA,,C.Parkey,,,,,,,,,,0.0,87.0,2.0,,,,,,,,,,,,,,
6.0,MIA,ILB,L.Timmons,,,,,,,,,,0.0,,,,,,,,,,,,,,,,
6.0,ATL,TE,A.Hooper,,,,,,,,,,0.0,,,,,,,48.0,7.0,0.0,0.0,,,,,,
6.0,ATL,QB,M.Ryan,,,,,,,,,,0.0,,,,,,,,,,,248.0,1.0,0.0,1.0,,
6.0,MIA,DT,N.Suh,,,,,,,,,,0.0,,,,,,,,,,,,,,,,
6.0,ATL,RB,D.Freeman,,,,,,,,,,0.0,,,68.0,0.0,0.0,,11.0,2.0,0.0,0.0,,,,,,
6.0,MIA,DT,J.Phillips,,,,,,,,,,0.0,,,,,,,,,,,,,,,,
6.0,MIA,LB,K.Alonso,,,,,,,,,,0.0,,,,,,,,,,,,,,,,
6.0,ATL,WR,T.Gabriel,,,,,,,,,,0.0,,,,,,,39.0,4.0,0.0,0.0,,,,,,
6.0,MIA,CB,B.McCain,,,,,,,,,,0.0,,,,,,,,,,,,,,,,
6.0,MIA,WR,V.Taylor,,,,,,,,,,0.0,,,,,,,,,,,,,,,,
6.0,MIA,CB,X.Howard,,,,,,,,,,0.0,,,,,,,,,,,,,,,,
6.0,ATL,RB,T.Coleman,,,,,,,,,,0.0,,,32.0,0.0,1.0,,4.0,1.0,0.0,0.0,,,,,,
6.0,ATL,WR,J.Hardy,,,,,,,,,,0.0,,,,,,,34.0,3.0,0.0,0.0,,,,,,
6.0,ATL,K,M.Bryant,,,,,,,,,,0.0,50.0,2.0,,,,,,,,,,,,,,
6.0,ATL,,D.Coleman,,,,,,,,,,0.0,,,,,,,,,,,,,,,,
6.0,MIA,RB,K.Drake,,,,,,,,,,0.0,,,,,,,,,,,,,,,,
6.0,ATL,P,M.Bosher,,,,,,,,,,0.0,,,0.0,0.0,0.0,0.0,,,,,,,,,,
6.0,MIA,QB,J.Cutler,,,,,,,,,,0.0,,,-1.0,0.0,0.0,,,,,,151.0,2.0,0.0,1.0,,
6.0,MIA,TE,J.Thomas,,,,,,,,,,0.0,,,,,,,22.0,3.0,0.0,0.0,,,,,,
6.0,ATL,SS,K.Neal,,,,,,,,,,0.0,,,,,,,,,,,,,,,,
6.0,ATL,DE,D.Shelby,,,,,,,,,,0.0,,,,,,,,,,,,,,,,
6.0,ATL,OLB,D.Campbell,,,,,,,,,,0.0,,,,,,,,,,,,,,,,
6.0,MIA,RB,J.Ajayi,,,,,,,,,,0.0,,,130.0,0.0,0.0,,,,,,,,,,,
6.0,ATL,FS,R.Allen,,,,,,,,,,0.0,,,,,,,,,,,,,,,,
6.0,ATL,CB,R.Alford,,,,,,,,,,0.0,,,,,,,,,,,,,,,,
6.0,MIA,WR,J.Landry,,,,,,,,,,0.0,,,,,,,62.0,8.0,1.0,0.0,,,,,,
6.0,ATL,WR,A.Roberts,,,,,,,,,,0.0,,,,,,,,,,,,,,,,
6.0,MIA,P,M.Haack,,,,,,,,,,0.0,,,,,,,,,,,,,,,,
6.0,MIA,SS,R.Jones,,,,,,,,,,0.0,,,,,,,,,,,,,,,,
6.0,MIA,DEF,C.Tankersley,,,,,,,,,,0.0,,,,,,,,,,,,,,,,
6.0,ATL,WR,Ju.Jones,,,,,,,,,,0.0,,,,,,,72.0,6.0,0.0,0.0,,,,,,
6.0,MIA,DE,W.Hayes,,,,,,,,,,0.0,,,,,,,,,,,,,,,,
6.0,ATL,WR,M.Hall,,,,,,,,,,0.0,,,,,,,40.0,1.0,1.0,0.0,,,,,,
6.0,ATL,OLB,D.Jones,,,,,,,,,,0.0,,,,,,,,,,,,,,,,
6.0,ATL,DEF,D.Riley,,,,,,,,,,0.0,,,,,,,,,,,,,,,,
6.0,MIA,RB,D.Williams,,,,,,,,,,0.0,,,9.0,0.0,0.0,,14.0,3.0,0.0,0.0,,,,,,
6.0,ATL,DE,B.Reed,,,,,,,,,,0.0,,,,,,,,,,,,,,,,
6.0,ATL,G,A.Levitre,,,,,,,,,,0.0,,,,,,,,,,,,,,,,
6.0,MIA,MLB,R.Maualuga,,,,,,,,,,0.0,,,,,,,,,,,,,,,,
6.0,MIA,WR,C.Harris,,,,,,,,,,0.0,,,,,,,,,,,,,,,,
6.0,ATL,DE,A.Clayborn,,,,,,,,,,0.0,,,,,,,,,,,,,,,,
6.0,ATL,CB,D.Trufant,,,,,,,,,,0.0,,,,,,,,,,,,,,,,
6.0,MIA,WR,K.Stills,,,,,,,,,,0.0,,,,,,,49.0,4.0,1.0,0.0,,,,,,
6.0,MIA,T,J.James,,,,,,,,,,0.0,,,,,,,,,,,,,,,,
6.0,ATL,DB,B.Poole,,,,,,,,,,0.0,,,,,,,,,,,,,,,,
6.0,ATL,NT,D.Poe,,,,,,,,,,0.0,,,,,,,,,,,,,,,,
6.0,MIA,DEF,D.Godchaux,,,,,,,,,,0.0,,,,,,,,,,,,,,,,
6.0,ATL,DEF,T.McKinley,,,,,,,,,,0.0,,,,,,,,,,,,,,,,
6.0,ATL,DT,G.Jarrett,,,,,,,,,,0.0,,,,,,,,,,,,,,,,
6.0,MIA,OT,L.Tunsil,,,,,,,,,,0.0,,,,,,,,,,,,,,,,
6.0,MIA,WR,L.Carroo,,,,,,,,,,0.0,,,,,,,,,,,,,,,,
6.0,MIA,SS,N.Allen,,,,,,,,,,0.0,,,,,,,,,,,,,,,,
6.0,ATL,,J.Vellano,,,,,,,,,,0.0,,,,,,,,,,,,,,,,
6.0,ATL,LB,V.Beasley,,,,,,,,,,0.0,,,,,,,,,,,,,,,,
6.0,MIA,FS,W.Aikens,,,,,,,,,,0.0,,,,,,,,,,,,,,,,
6.0,MIA,DE,C.Wake,,,,,,,,,,0.0,,,,,,,,,,,,,,,,
6.0,ATL,T,J.Matthews,,,,,,,,,,0.0,,,,,,,,,,,,,,,,
6.0,MIA,DE,A.Branch,,,,,,,,,,0.0,,,,,,,,,,,,,,,,
6.0,ATL,WR,S.Neasman,,,,,,,,,,0.0,,,,,,0.0,,,,,,,,,,
6.0,MIA,FS,M.Thomas,,,,,,,,,,0.0,,,,,,,,,,,,,,,,
6.0,MIA,WR,J.Grant,,,,,,,,,,0.0,,,,,,,4.0,1.0,0.0,0.0,,,,,,
6.0,ATL,SS,K.Ishmael,,,,,,,,,,0.0,,,,,,,,,,,,,,,,
6.0,MIA,,S.Perry,,,,,,,,,,0.0,,,,,,,,,,,,,,,,
6.0,CHI,K,C.Barth,,,,,,,,,,0.0,64.0,3.0,,,,,,,,,,,,,,
6.0,CHI,RB,B.Cunningham,,,,,,,,,,0.0,,,,,,,,,,,,,,,,
6.0,BAL,RB,B.Rainey,,,,,,,,,,0.0,,,,,,,11.0,2.0,0.0,0.0,,,,,,
6.0,CHI,OLB,S.Acho,,,,,,,,,,0.0,,,,,,,,,,,,,,,,
6.0,BAL,QB,J.Flacco,,,,,,,,,,0.0,,,2.0,0.0,0.0,,,,,,180.0,0.0,1.0,2.0,,
6.0,BAL,TE,N.Boyle,,,,,,,,,,0.0,,,,,,,15.0,2.0,0.0,1.0,,,,,,
6.0,CHI,LB,D.Trevathan,,,,,,,,,,0.0,,,,,,0.0,,,,,,,,,,
6.0,BAL,RB,A.Collins,,,,,,,,,,0.0,,,74.0,0.0,0.0,,,,,,,,,,,
6.0,CHI,DE,A.Hicks,,,,,,,,,,0.0,,,,,,,,,,,,,,,,
6.0,BAL,P,S.Koch,,,,,,,,,,0.0,,,,,,,,,,,,,,,,
6.0,BAL,DT,M.Pierce,,,,,,,,,,0.0,,,,,,0.0,,,,,,,,,,
6.0,CHI,RB,Jo.Howard,,,,,,,,,,0.0,,,167.0,0.0,0.0,,9.0,1.0,0.0,0.0,,,,,,
6.0,BAL,LB,Z.Smith,,,,,,,,,,0.0,,,,,,,,,,,,,,,,
6.0,BAL,DEF,P.Onwuasor,,,,,,,,,,0.0,,,,,,,,,,,,,,,,
6.0,CHI,QB,M.Trubisky,,,,,,,,,,0.0,,,32.0,0.0,0.0,1.0,,,,,113.0,1.0,0.0,0.0,,
6.0,BAL,OLB,T.Suggs,,,,,,,,,,0.0,,,,,,,,,,,,,,,,
6.0,CHI,WR,T.Gentry,,,,,,,,,,0.0,,,,,,,,,,,,,,,,
6.0,BAL,LB,M.Judon,,,,,,,,,,0.0,,,,,,,,,,,,,,,,
6.0,CHI,TE,D.Sims,,,,,,,,,,0.0,,,,,,,42.0,2.0,1.0,0.0,,,,,,
6.0,BAL,DEF,P.Ricard,,,,,,,,,,0.0,,,,,,,,,,,,,,,,
6.0,CHI,RB,T.Cohen,,,,,,,,,,0.0,,,32.0,0.0,0.0,1.0,14.0,1.0,0.0,0.0,21.0,1.0,0.0,0.0,,
6.0,BAL,SS,T.Jefferson,,,,,,,,,,0.0,,,,,,,,,,,,,,,,
6.0,BAL,DEF,T.Bowser,,,,,,,,,,0.0,,,,,,,,,,,,,,,,
6.0,BAL,DB,E.Weddle,,,,,,,,,,0.0,,,,,,,,,,,,,,,,
6.0,CHI,P,P.O'Donnell,,,,,,,,,,0.0,,,,,,,,,,,,,,,,
6.0,CHI,DB,P.Amukamara,,,,,,,,,,0.0,,,,,,,,,,,,,,,,
6.0,BAL,WR,M.Wallace,,,,,,,,,,0.0,,,,,,,30.0,3.0,0.0,0.0,,,,,,
6.0,BAL,TE,B.Watson,,,,,,,,,,0.0,,,,,,,28.0,6.0,0.0,0.0,,,,,,
6.0,CHI,FS,A.Amos,,,,,,,,,,0.0,,,,,,,,,,,,,,,,
6.0,BAL,CB,A.Levine Sr.,,,,,,,,,,0.0,,,,,,,,,,,,,,,,
6.0,CHI,DEF,E.Jackson,,,,,,,,,,0.0,,,,,,,,,,,,,,,,
6.0,BAL,DEF,C.Wormley,,,,,,,,,,0.0,,,,,,,,,,,,,,,,
6.0,BAL,ILB,C.Mosley,,,,,,,,,,0.0,,,,,,0.0,,,,,,,,,,
6.0,BAL,DEF,M.Humphrey,,,,,,,,,,0.0,,,,,,,,,,,,,,,,
6.0,BAL,WR,M.Campanaro,,,,,,,,,,0.0,,,,,,,24.0,3.0,0.0,0.0,,,,,,
6.0,CHI,NT,E.Goldman,,,,,,,,,,0.0,,,,,,,,,,,,,,,,
6.0,BAL,RB,J.Allen,,,,,,,,,,0.0,,,49.0,0.0,0.0,,17.0,3.0,0.0,0.0,,,,,,
6.0,BAL,WR,B.Perriman,,,,,,,,,,0.0,,,,,,,,,,,,,,,,
6.0,BAL,WR,C.Matthews,,,,,,,,,,0.0,,,,,,,5.0,1.0,0.0,0.0,,,,,,
6.0,BAL,DE,B.Kaufusi,,,,,,,,,,0.0,,,,,,,,,,,,,,,,
6.0,BAL,DT,W.Henry,,,,,,,,,,0.0,,,,,,,,,,,,,,,,
6.0,CHI,DEF,R.Robertson-Harris,,,,,,,,,,0.0,,,,,,,,,,,,,,,,
6.0,CHI,CB,K.Fuller,,,,,,,,,,0.0,,,,,,,,,,,,,,,,
6.0,CHI,ILB,C.Jones,,,,,,,,,,0.0,,,,,,,,,,,,,,,,
6.0,BAL,TE,M.Williams,,,,,,,,,,0.0,,,,,,1.0,6.0,1.0,0.0,0.0,,,,,,
6.0,CHI,WR,K.Wright,,,,,,,,,,0.0,,,,,,,36.0,2.0,0.0,0.0,,,,,,
6.0,CHI,OLB,L.Floyd,,,,,,,,,,0.0,,,,,,,,,,,,,,,,
6.0,CHI,CB,B.Callahan,,,,,,,,,,0.0,,,,,,,,,,,,,,,,
6.0,CHI,TE,Z.Miller,,,,,,,,,,0.0,,,,,,,25.0,2.0,1.0,0.0,,,,,,
6.0,CHI,DB,D.Bush,,,,,,,,,,0.0,,,,,,,,,,,,,,,,
6.0,CHI,WR,J.Bellamy,,,,,,,,,,0.0,,,,,,,,,,,,,,,,
6.0,BAL,WR,C.Moore,,,,,,,,,,0.0,,,,,,,44.0,3.0,0.0,0.0,,,,,,
6.0,CHI,OLB,P.McPhee,,,,,,,,,,0.0,,,,,,,,,,,,,,,,
6.0,BAL,K,J.Tucker,,,,,,,,,,0.0,108.0,1.0,,,,,,,,,,,,,,
6.0,BAL,CB,L.Webb,,,,,,,,,,0.0,,,,,,,,,,,,,,,,
6.0,BAL,DEF,C.Clark,,,,,,,,,,0.0,,,,,,,,,,,,,,,,
6.0,BAL,CB,B.Carr,,,,,,,,,,0.0,,,,,,,,,,,,,,,,
6.0,CHI,,T.McBride,,,,,,,,,,0.0,,,,,,,,,,,,,,,,
6.0,BAL,DEF,T.McRae,,,,,,,,,,0.0,,,,,,,,,,,,,,,,
6.0,CHI,OG,C.Whitehair,,,,,,,,,,0.0,,,,,,0.0,,,,,,,,,,
6.0,CHI,OLB,J.Anderson,,,,,,,,,,0.0,,,,,,,,,,,,,,,,
6.0,BAL,T,J.Hurst,,,,,,,,,,0.0,,,,,,,,,,,,,,,,
6.0,BAL,CB,J.Smith,,,,,,,,,,0.0,,,,,,,,,,,,,,,,
6.0,CHI,OT,K.Long,,,,,,,,,,0.0,,,,,,,,,,,,,,,,
6.0,CHI,DE,M.Unrein,,,,,,,,,,0.0,,,,,,,,,,,,,,,,
6.0,CHI,FB,M.Burton,,,,,,,,,,0.0,,,,,,,8.0,1.0,0.0,0.0,,,,,,
6.0,CHI,CB,C.LeBlanc,,,,,,,,,,0.0,,,,,,,,,,,,,,,,
6.0,BAL,,V.Mayle,,,,,,,,,,0.0,,,,,,,,,,,,,,,,
6.0,CHI,T,B.Massie,,,,,,,,,,0.0,,,,,,,,,,,,,,,,
6.0,CLE,K,Z.Gonzalez,,,,,,,,,,0.0,41.0,2.0,,,,,,,,,,,,,,
6.0,HOU,TE,S.Anderson,,,,,,,,,,0.0,,,,,,,17.0,2.0,0.0,0.0,,,,,,
6.0,CLE,CB,J.McCourty,,,,,,,,,,0.0,,,,,,,,,,,,,,,,
6.0,HOU,QB,D.Watson,,,,,,,,,,0.0,,,23.0,0.0,0.0,,,,,,225.0,3.0,1.0,1.0,,
6.0,CLE,OLB,J.Schobert,,,,,,,,,,0.0,,,,,,,,,,,,,,,,
6.0,HOU,RB,L.Miller,,,,,,,,,,0.0,,,41.0,0.0,0.0,,40.0,3.0,0.0,0.0,,,,,,
6.0,CLE,DL,D.Shelton,,,,,,,,,,0.0,,,,,,,,,,,,,,,,
6.0,CLE,DEF,J.Peppers,,,,,,,,,,0.0,,,,,,,,,,,,,,,,
6.0,HOU,TE,R.Griffin,,,,,,,,,,0.0,,,,,,,52.0,3.0,0.0,1.0,,,,,,
6.0,CLE,CB,B.Boddy-Calhoun,,,,,,,,,,0.0,,,,,,,,,,,,,,,,
6.0,HOU,WR,B.Ellington,,,,,,,,,,0.0,,,,,,,22.0,2.0,0.0,0.0,,,,,,
6.0,CLE,DT,J.Meder,,,,,,,,,,0.0,,,,,,,,,,,,,,,,
6.0,CLE,OLB,J.Collins,,,,,,,,,,0.0,,,,,,,,,,,,,,,,
6.0,CLE,DB,J.Taylor,,,,,,,,,,0.0,,,,,,,,,,,,,,,,
6.0,HOU,WR,W.Fuller V,,,,,,,,,,0.0,,,,,,,62.0,2.0,1.0,0.0,,,,,,
6.0,HOU,K,K.Fairbairn,,,,,,,,,,0.0,40.0,2.0,,,,,,,,,,,,,,
6.0,CLE,QB,K.Hogan,,,,,,,,,,0.0,,,36.0,0.0,0.0,0.0,,,,,140.0,1.0,0.0,3.0,,
6.0,HOU,FS,M.Gilchrist,,,,,,,,,,0.0,,,,,,,,,,,,,,,,
6.0,CLE,,K.Williams,,,,,,,,,,0.0,,,,,,,41.0,4.0,0.0,0.0,,,,,,
6.0,HOU,OLB,J.Clowney,,,,,,,,,,0.0,,,,,,,,,,,,,,,,
6.0,CLE,RB,I.Crowell,,,,,,,,,,0.0,,,58.0,0.0,0.0,0.0,15.0,2.0,0.0,0.0,,,,,,
6.0,HOU,LB,B.Scarlett,,,,,,,,,,0.0,,,,,,,,,,,,,,,,
6.0,HOU,CB,K.Jackson,,,,,,,,,,0.0,,,,,,,,,,,,,,,,
6.0,HOU,ILB,B.McKinney,,,,,,,,,,0.0,,,,,,,,,,,,,,,,
6.0,CLE,WR,D.Njoku,,,,,,,,,,0.0,,,,,,,0.0,2.0,0.0,0.0,,,,,,
6.0,HOU,FS,A.Hal,,,,,,,,,,0.0,,,,,,,,,,,,,,,,
6.0,CLE,RB,D.Johnson,,,,,,,,,,0.0,,,40.0,0.0,0.0,,-1.0,3.0,0.0,0.0,,,,,,
6.0,HOU,DEF,D.Cole,,,,,,,,,,0.0,,,,,,,,,,,,,,,,
6.0,CLE,WR,B.Treggs,,,,,,,,,,0.0,,,,,,,20.0,1.0,0.0,0.0,,,,,,
6.0,HOU,CB,J.Joseph,,,,,,,,,,0.0,,,,,,,,,,,,,,,,
6.0,CLE,P,B.Colquitt,,,,,,,,,,0.0,,,,,,,,,,,,,,,,
6.0,CLE,ILB,C.Kirksey,,,,,,,,,,0.0,,,,,,,,,,,,,,,,
6.0,HOU,T,B.Giacomini,,,,,,,,,,0.0,,,,,,,,,,,,,,,,
6.0,HOU,P,S.Lechler,,,,,,,,,,0.0,,,,,,,,,,,,,,,,
6.0,HOU,DT,J.Heath,,,,,,,,,,0.0,,,,,,,,,,,,,,,,
6.0,HOU,DEF,C.Watkins,,,,,,,,,,0.0,,,,,,,,,,,,,,,,
6.0,HOU,DEF,Z.Cunningham,,,,,,,,,,0.0,,,,,,,,,,,,,,,,
6.0,HOU,WR,C.Thompson,,,,,,,,,,0.0,,,,,,,,,,,,,,,,
6.0,CLE,DEF,M.Jordan,,,,,,,,,,0.0,,,,,,,,,,,,,,,,
6.0,HOU,WR,D.Hopkins,,,,,,,,,,0.0,,,,,,,19.0,2.0,1.0,0.0,,,,,,
6.0,CLE,DEF,M.Garrett,,,,,,,,,,0.0,,,,,,,,,,,,,,,,
6.0,HOU,RB,D.Foreman,,,,,,,,,,0.0,,,59.0,0.0,0.0,,,,,,,,,,,
6.0,CLE,DEF,L.Ogunjobi,,,,,,,,,,0.0,,,,,,,,,,,,,,,,
6.0,HOU,,B.Dunn,,,,,,,,,,0.0,,,,,,,,,,,,,,,,
6.0,HOU,NT,D.Reader,,,,,,,,,,0.0,,,,,,,,,,,,,,,,
6.0,CLE,TE,S.DeValve,,,,,,,,,,0.0,,,,,,,9.0,2.0,1.0,0.0,,,,,,
6.0,CLE,WR,R.Louis,,,,,,,,,,0.0,,,,,,,25.0,3.0,0.0,0.0,,,,,,
6.0,CLE,WR,S.Coates,,,,,,,,,,0.0,,,,,,,11.0,1.0,0.0,0.0,,,,,,
6.0,HOU,DB,M.Burley,,,,,,,,,,0.0,,,,,,,,,,,,,,,,
6.0,CLE,WR,R.Higgins,,,,,,,,,,0.0,,,,,,,13.0,1.0,0.0,0.0,,,,,,
6.0,CLE,DE,C.Nassib,,,,,,,,,,0.0,,,,,,,,,,,,,,,,
6.0,CLE,LB,E.Ogbah,,,,,,,,,,0.0,,,,,,,,,,,,,,,,
6.0,HOU,LB,B.Peters,,,,,,,,,,0.0,,,,,,,,,,,,,,,,
6.0,HOU,WR,B.Miller,,,,,,,,,,0.0,,,,,,,-5.0,2.0,1.0,0.0,,,,,,
6.0,CLE,LS,C.Hughlett,,,,,,,,,,0.0,,,,,,,,,,,,,,,,
6.0,HOU,RB,A.Blue,,,,,,,,,,0.0,,,,,,,,,,,,,,,,
6.0,HOU,DB,E.Pleasant,,,,,,,,,,0.0,,,,,,,,,,,,,,,,
6.0,HOU,CB,M.Williams,,,,,,,,,,0.0,,,,,,,,,,,,,,,,
6.0,HOU,DEF,U.Kamalu,,,,,,,,,,0.0,,,,,,,,,,,,,,,,
6.0,HOU,DT,C.Covington,,,,,,,,,,0.0,,,,,,,,,,,,,,,,
6.0,CLE,DEF,D.King,,,,,,,,,,0.0,,,,,,,,,,,,,,,,
6.0,CLE,FS,D.Kindred,,,,,,,,,,0.0,,,,,,,,,,,,,,,,
6.0,CLE,DEF,B.Bello,,,,,,,,,,0.0,,,,,,,,,,,,,,,,
6.0,CLE,DEF,M.Dayes,,,,,,,,,,0.0,,,,,,,,,,,,,,,,
6.0,CLE,DB,I.Campbell,,,,,,,,,,0.0,,,,,,,,,,,,,,,,
6.0,CLE,DEF,T.Coley,,,,,,,,,,0.0,,,,,,,,,,,,,,,,
6.0,HOU,FS,K.Drummond,,,,,,,,,,0.0,,,,,,,,,,,,,,,,
6.0,CLE,TE,R.Telfer,,,,,,,,,,0.0,,,,,,,,,,,,,,,,
6.0,CLE,WR,D.Vitale,,,,,,,,,,0.0,,,,,,,7.0,1.0,0.0,0.0,,,,,,
6.0,CLE,C,J.Tretter,,,,,,,,,,0.0,,,,,,,,,,,,,,,,
6.0,HOU,FB,J.Prosch,,,,,,,,,,0.0,,,,,,,18.0,1.0,0.0,0.0,,,,,,
6.0,CLE,DEF,C.Brantley,,,,,,,,,,0.0,,,,,,,,,,,,,,,,
6.0,CLE,LB,N.Orchard,,,,,,,,,,0.0,,,,,,,,,,,,,,,,
6.0,HOU,DEF,T.Decoud,,,,,,,,,,0.0,,,,,,,,,,,,,,,,
6.0,HOU,OLB,L.Houston,,,,,,,,,,0.0,,,,,,,,,,,,,,,,
6.0,MIN,,K.Forbath,,,,,,,,,,0.0,123.0,2.0,,,,,,,,,,,,,,
6.0,MIN,FS,H.Smith,,,,,,,,,,0.0,,,,,,,,,,,,,,,,
6.0,GB,TE,M.Bennett,,,,,,,,,,0.0,,,,,,,22.0,2.0,0.0,0.0,,,,,,
6.0,GB,QB,A.Rodgers,,,,,,,,,,0.0,,,,,,,,,,,18.0,0.0,0.0,0.0,,
6.0,GB,WR,T.Montgomery,,,,,,,,,,0.0,,,28.0,0.0,0.0,,3.0,1.0,0.0,0.0,,,,,,
6.0,MIN,DT,L.Joseph,,,,,,,,,,0.0,,,,,,,,,,,,,,,,
6.0,MIN,OLB,A.Barr,,,,,,,,,,0.0,,,,,,,,,,,,,,,,
6.0,GB,P,J.Vogel,,,,,,,,,,0.0,,,,,,,,,,,,,,,,
6.0,MIN,CB,M.Sherels,,,,,,,,,,0.0,,,,,,,,,,,,,,,,
6.0,GB,NT,K.Clark,,,,,,,,,,0.0,,,,,,,,,,,,,,,,
6.0,MIN,RB,L.Murray,,,,,,,,,,0.0,,,28.0,0.0,0.0,,9.0,1.0,0.0,0.0,,,,,,
6.0,GB,CB,Q.Rollins,,,,,,,,,,0.0,,,,,,,,,,,,,,,,
6.0,MIN,OT,J.Sirles,,,,,,,,,,0.0,,,,,,,,,,,,,,,,
6.0,MIN,QB,C.Keenum,,,,,,,,,,0.0,,,15.0,0.0,0.0,,,,,,239.0,1.0,0.0,1.0,,
6.0,GB,OLB,N.Perry,,,,,,,,,,0.0,,,,,,,,,,,,,,,,
6.0,GB,FS,H.Clinton-Dix,,,,,,,,,,0.0,,,,,,,,,,,,,,,,
6.0,GB,ILB,B.Martinez,,,,,,,,,,0.0,,,,,,,,,,,,,,,,
6.0,GB,ILB,J.Ryan,,,,,,,,,,0.0,,,,,,,,,,,,,,,,
6.0,MIN,RB,J.McKinnon,,,,,,,,,,0.0,,,69.0,0.0,1.0,1.0,30.0,5.0,1.0,0.0,,,,,,
6.0,MIN,WR,A.Thielen,,,,,,,,,,0.0,,,,,,0.0,97.0,9.0,0.0,0.0,,,,,,
6.0,MIN,,R.Quigley,,,,,,,,,,0.0,,,,,,,,,,,,,,,,
6.0,GB,WR,T.Davis,,,,,,,,,,0.0,,,,,,,,,,,,,,,,
6.0,MIN,CB,T.Waynes,,,,,,,,,,0.0,,,,,,,,,,,,,,,,
6.0,GB,WR,J.Nelson,,,,,,,,,,0.0,,,,,,,60.0,6.0,0.0,0.0,,,,,,
6.0,MIN,DE,E.Griffen,,,,,,,,,,0.0,,,,,,,,,,,,,,,,
6.0,GB,RB,A.Jones,,,,,,,,,,0.0,,,41.0,0.0,0.0,,1.0,1.0,0.0,0.0,,,,,,
6.0,MIN,CB,T.Newman,,,,,,,,,,0.0,,,,,,,,,,,,,,,,
6.0,MIN,MLB,E.Kendricks,,,,,,,,,,0.0,,,,,,,,,,,,,,,,
6.0,MIN,DT,T.Johnson,,,,,,,,,,0.0,,,,,,,,,,,,,,,,
6.0,MIN,CB,M.Alexander,,,,,,,,,,0.0,,,,,,,,,,,,,,,,
6.0,GB,ILB,C.Matthews,,,,,,,,,,0.0,,,,,,0.0,,,,,,,,,,
6.0,MIN,WR,M.Floyd,,,,,,,,,,0.0,,,,,,,5.0,1.0,0.0,0.0,,,,,,
6.0,MIN,TE,K.Rudolph,,,,,,,,,,0.0,,,,,,,47.0,5.0,0.0,0.0,,,,,,
6.0,GB,DB,K.Brice,,,,,,,,,,0.0,,,,,,,,,,,,,,,,
6.0,GB,DE,Q.Dial,,,,,,,,,,0.0,,,,,,,,,,,,,,,,
6.0,GB,DEF,J.Jones,,,,,,,,,,0.0,,,,,,,,,,,,,,,,
6.0,GB,CB,J.Hawkins,,,,,,,,,,0.0,,,,,,,,,,,,,,,,
6.0,MIN,WR,P.Elflein,,,,,,,,,,0.0,,,,,,,,,,,,,,,,
6.0,GB,QB,B.Hundley,,,,,,,,,,0.0,,,3.0,0.0,0.0,0.0,,,,,157.0,1.0,0.0,3.0,,
6.0,GB,WR,G.Allison,,,,,,,,,,0.0,,,,,,,7.0,1.0,0.0,0.0,,,,,,
6.0,MIN,CB,X.Rhodes,,,,,,,,,,0.0,,,,,,,,,,,,,,,,
6.0,MIN,DEF,C.Ham,,,,,,,,,,0.0,,,,,,,,,,,,,,,,
6.0,GB,WR,J.Janis,,,,,,,,,,0.0,,,,,,,,,,,,,,,,
6.0,MIN,CB,T.Brock,,,,,,,,,,0.0,,,,,,,,,,,,,,,,
6.0,MIN,DE,B.Robison,,,,,,,,,,0.0,,,,,,,,,,,,,,,,
6.0,MIN,DE,D.Hunter,,,,,,,,,,0.0,,,,,,,,,,,,,,,,
6.0,MIN,WR,L.Treadwell,,,,,,,,,,0.0,,,,,,,51.0,3.0,0.0,0.0,,,,,,
6.0,GB,WR,D.Adams,,,,,,,,,,0.0,,,,,,,54.0,5.0,1.0,0.0,,,,,,
6.0,GB,K,M.Crosby,,,,,,,,,,0.0,26.0,1.0,,,,,,,,,,,,,,
6.0,MIN,WR,S.Coley,,,,,,,,,,0.0,,,,,,,,,,,,,,,,
6.0,GB,DEF,L.Pipkins,,,,,,,,,,0.0,,,,,,,,,,,,,,,,
6.0,GB,TE,L.Kendricks,,,,,,,,,,0.0,,,,,,,,,,,,,,,,
6.0,GB,DE,M.Daniels,,,,,,,,,,0.0,,,,,,,,,,,,,,,,
6.0,GB,CB,D.Randall,,,,,,,,,,0.0,,,,,,,,,,,,,,,,
6.0,MIN,DT,S.Stephen,,,,,,,,,,0.0,,,,,,,,,,,,,,,,
6.0,MIN,T,M.Remmers,,,,,,,,,,0.0,,,,,,,,,,,,,,,,
6.0,GB,DE,R.Jean Francois,,,,,,,,,,0.0,,,,,,,,,,,,,,,,
6.0,MIN,T,R.Reiff,,,,,,,,,,0.0,,,,,,,,,,,,,,,,
6.0,MIN,OLB,K.Brothers,,,,,,,,,,0.0,,,,,,,,,,,,,,,,
6.0,MIN,DEF,B.Gedeon,,,,,,,,,,0.0,,,,,,,,,,,,,,,,
6.0,MIN,LB,E.Lamur,,,,,,,,,,0.0,,,,,,,,,,,,,,,,
6.0,GB,WR,R.Cobb,,,,,,,,,,0.0,,,,,,,28.0,3.0,0.0,0.0,,,,,,
6.0,GB,DB,M.Evans,,,,,,,,,,0.0,,,,,,,,,,,,,,,,
6.0,GB,DE,D.Lowry,,,,,,,,,,0.0,,,,,,,,,,,,,,,,
6.0,MIN,SS,A.Harris,,,,,,,,,,0.0,,,,,,,,,,,,,,,,
6.0,GB,OLB,K.Fackrell,,,,,,,,,,0.0,,,,,,,,,,,,,,,,
6.0,GB,FB,A.Ripkowski,,,,,,,,,,0.0,,,,,,,0.0,1.0,0.0,0.0,,,,,,
6.0,MIN,DEF,J.Johnson,,,,,,,,,,0.0,,,,,,,,,,,,,,,,
6.0,DET,P,J.Locke,,,,,,,,,,0.0,,,,,,,,,,,,,,,,
6.0,NO,RB,A.Kamara,,,,,,,,,,0.0,,,75.0,0.0,0.0,,12.0,4.0,0.0,0.0,,,,,,
6.0,DET,DEF,J.Davis,,,,,,,,,,0.0,,,,,,,,,,,,,,,,
6.0,NO,QB,D.Brees,,,,,,,,,,0.0,,,1.0,0.0,0.0,,,,,,186.0,2.0,0.0,2.0,,
6.0,NO,RB,M.Ingram,,,,,,,,,,0.0,,,114.0,0.0,2.0,1.0,36.0,5.0,0.0,0.0,,,,,,
6.0,DET,FS,G.Quin,,,,,,,,,,0.0,,,,,,,,,,,,,,,,
6.0,DET,DE,E.Ansah,,,,,,,,,,0.0,,,,,,0.0,,,,,,,,,,
6.0,DET,CB,D.Slay,,,,,,,,,,0.0,,,,,,,,,,,,,,,,
6.0,DET,DT,A.Robinson,,,,,,,,,,0.0,,,,,,,,,,,,,,,,
6.0,NO,P,T.Morstead,,,,,,,,,,0.0,,,,,,,,,,,,,,,,
6.0,DET,CB,Q.Diggs,,,,,,,,,,0.0,,,,,,,,,,,,,,,,
6.0,DET,WR,M.Jones,,,,,,,,,,0.0,,,,,,,96.0,6.0,1.0,0.0,,,,,,
6.0,DET,QB,M.Stafford,,,,,,,,,,0.0,,,4.0,0.0,0.0,2.0,,,,,312.0,3.0,0.0,3.0,,
6.0,NO,LB,C.Robertson,,,,,,,,,,0.0,,,,,,0.0,,,,,,,,,,
6.0,DET,RB,A.Abdullah,,,,,,,,,,0.0,,,54.0,0.0,0.0,,,,,,,,,,,
6.0,NO,DEF,M.Lattimore,,,,,,,,,,0.0,,,,,,0.0,,,,,,,,,,
6.0,NO,OLB,A.Okafor,,,,,,,,,,0.0,,,,,,,,,,,,,,,,
6.0,NO,SS,K.Vaccaro,,,,,,,,,,0.0,,,,,,0.0,,,,,,,,,,
6.0,NO,K,W.Lutz,,,,,,,,,,0.0,41.0,7.0,,,,,,,,,,,,,,
6.0,NO,DE,C.Jordan,,,,,,,,,,0.0,,,,,,,,,,,,,,,,
6.0,NO,DT,S.Rankins,,,,,,,,,,0.0,,,,,,,,,,,,,,,,
6.0,NO,DT,D.Onyemata,,,,,,,,,,0.0,,,,,,,,,,,,,,,,
6.0,NO,DEF,M.Williams,,,,,,,,,,0.0,,,,,,,,,,,,,,,,
6.0,DET,WR,G.Tate,,,,,,,,,,0.0,,,,,,,96.0,7.0,1.0,0.0,,,,,,
6.0,DET,K,M.Prater,,,,,,,,,,0.0,41.0,5.0,,,,,,,,,,,,,,
6.0,NO,WR,M.Thomas,,,,,,,,,,0.0,,,,,,,11.0,3.0,0.0,0.0,,,,,,
6.0,NO,WR,T.Ginn,,,,,,,,,,0.0,,,3.0,0.0,0.0,,66.0,4.0,1.0,0.0,,,,,,
6.0,DET,FB,Z.Zenner,,,,,,,,,,0.0,,,0.0,0.0,0.0,,,,,,,,,,,
6.0,NO,DEF,J.Hardee,,,,,,,,,,0.0,,,,,,,,,,,,,,,,
6.0,NO,DB,R.Bush,,,,,,,,,,0.0,,,,,,,,,,,,,,,,
6.0,DET,TE,E.Ebron,,,,,,,,,,0.0,,,,,,,9.0,1.0,0.0,0.0,,,,,,
6.0,NO,WR,T.Hendrickson,,,,,,,,,,0.0,,,,,,,,,,,,,,,,
6.0,DET,RB,T.Riddick,,,,,,,,,,0.0,,,8.0,0.0,0.0,,45.0,5.0,0.0,0.0,,,,,,
6.0,NO,DT,T.Davison,,,,,,,,,,0.0,,,,,,,,,,,,,,,,
6.0,NO,MLB,A.Klein,,,,,,,,,,0.0,,,,,,,,,,,,,,,,
6.0,DET,,T.Jones,,,,,,,,,,0.0,,,,,,,33.0,3.0,0.0,0.0,,,,,,
6.0,DET,DEF,J.Agnew,,,,,,,,,,0.0,,,,,,0.0,,,,,,,,,,
6.0,NO,DEF,T.Edmunds,,,,,,,,,,0.0,,,,,,,,,,,,,,,,
6.0,DET,CB,D.Hayden,,,,,,,,,,0.0,,,,,,,,,,,,,,,,
6.0,DET,OLB,T.Whitehead,,,,,,,,,,0.0,,,,,,,,,,,,,,,,
6.0,NO,WR,B.Coleman,,,,,,,,,,0.0,,,,,,,23.0,2.0,0.0,0.0,,,,,,
6.0,NO,WR,W.Snead,,,,,,,,,,0.0,,,,,,,11.0,1.0,0.0,0.0,,,,,,
6.0,NO,TE,M.Hoomanawanui,,,,,,,,,,0.0,,,,,,,27.0,2.0,1.0,0.0,,,,,,
6.0,DET,DB,T.Wilson,,,,,,,,,,0.0,,,,,,,,,,,,,,,,
6.0,DET,DT,A.Spence,,,,,,,,,,0.0,,,,,,,,,,,,,,,,
6.0,NO,CB,K.Crawley,,,,,,,,,,0.0,,,,,,,,,,,,,,,,
6.0,DET,,E.Cleary,,,,,,,,,,0.0,,,,,,,,,,,,,,,,
6.0,NO,FS,V.Bell,,,,,,,,,,0.0,,,,,,,,,,,,,,,,
6.0,DET,WR,J.Abbrederis,,,,,,,,,,0.0,,,,,,,7.0,1.0,0.0,0.0,,,,,,
6.0,DET,CB,N.Lawson,,,,,,,,,,0.0,,,,,,,,,,,,,,,,
6.0,DET,DT,A.Zettel,,,,,,,,,,0.0,,,,,,,,,,,,,,,,
6.0,NO,G,S.Kelemete,,,,,,,,,,0.0,,,,,,,,,,,,,,,,
6.0,DET,TE,D.Fells,,,,,,,,,,0.0,,,,,,,26.0,2.0,1.0,0.0,,,,,,
6.0,DET,DEF,J.Reeves-Maybin,,,,,,,,,,0.0,,,,,,,,,,,,,,,,
6.0,DET,SS,M.Killebrew,,,,,,,,,,0.0,,,,,,,,,,,,,,,,
6.0,NO,ILB,M.Te'o,,,,,,,,,,0.0,,,,,,,,,,,,,,,,
6.0,DET,SS,D.Carey,,,,,,,,,,0.0,,,,,,,,,,,,,,,,
6.0,NO,TE,J.Hill,,,,,,,,,,0.0,,,,,,,,,,,,,,,,
6.0,NO,FB,Z.Line,,,,,,,,,,0.0,,,,,,,,,,,,,,,,
6.0,NO,TE,C.Fleener,,,,,,,,,,0.0,,,,,,,,,,,,,,,,
6.0,NO,DEF,A.Bighill,,,,,,,,,,0.0,,,,,,,,,,,,,,,,
6.0,DET,C,G.Glasgow,,,,,,,,,,0.0,,,,,,,,,,,,,,,,
6.0,DET,DEF,Ch.Washington,,,,,,,,,,0.0,,,,,,,,,,,,,,,,
6.0,NE,RB,B.Bolden,,,,,,,,,,0.0,,,,,,,,,,,,,,,,
6.0,NYJ,WR,A.Stewart,,,,,,,,,,0.0,,,6.0,0.0,0.0,,2.0,1.0,0.0,0.0,,,,,,
6.0,NE,K,S.Gostkowski,,,,,,,,,,0.0,28.0,3.0,,,,,,,,,,,,,,
6.0,NYJ,QB,J.McCown,,,,,,,,,,0.0,,,21.0,0.0,0.0,,,,,,354.0,2.0,0.0,2.0,,
6.0,NYJ,TE,A.Seferian-Jenkins,,,,,,,,,,0.0,,,,,,1.0,46.0,8.0,1.0,0.0,,,,,,
6.0,NE,DE,T.Flowers,,,,,,,,,,0.0,,,,,,,,,,,,,,,,
6.0,NE,CB,M.Butler,,,,,,,,,,0.0,,,,,,,,,,,,,,,,
6.0,NYJ,WR,R.Anderson,,,,,,,,,,0.0,,,,,,,76.0,4.0,0.0,0.0,,,,,,
6.0,NE,DE,L.Guy,,,,,,,,,,0.0,,,,,,,,,,,,,,,,
6.0,NYJ,RB,M.Forte,,,,,,,,,,0.0,,,22.0,0.0,0.0,,59.0,8.0,0.0,0.0,,,,,,
6.0,NE,OLB,D.Hightower,,,,,,,,,,0.0,,,,,,,,,,,,,,,,
6.0,NYJ,RB,E.McGuire,,,,,,,,,,0.0,,,22.0,0.0,0.0,,,,,,,,,,,
6.0,NE,DB,J.Bademosi,,,,,,,,,,0.0,,,,,,,,,,,,,,,,
6.0,NYJ,WR,J.Kerley,,,,,,,,,,0.0,,,,,,,61.0,2.0,1.0,0.0,,,,,,
6.0,NE,CB,J.Jones,,,,,,,,,,0.0,,,,,,,,,,,,,,,,
6.0,NYJ,K,C.Catanzaro,,,,,,,,,,0.0,28.0,2.0,,,,,,,,,,,,,,
6.0,NE,RB,D.Lewis,,,,,,,,,,0.0,,,52.0,0.0,1.0,,,,,,,,,,,
6.0,NYJ,OLB,J.Jenkins,,,,,,,,,,0.0,,,,,,,,,,,,,,,,
6.0,NYJ,DT,L.Williams,,,,,,,,,,0.0,,,,,,,,,,,,,,,,
6.0,NYJ,DEF,Ja.Adams,,,,,,,,,,0.0,,,,,,,,,,,,,,,,
6.0,NE,TE,R.Gronkowski,,,,,,,,,,0.0,,,,,,,83.0,6.0,2.0,0.0,,,,,,
6.0,NE,QB,T.Brady,,,,,,,,,,0.0,,,-1.0,0.0,0.0,,,,,,257.0,2.0,0.0,1.0,,
6.0,NE,WR,B.Cooks,,,,,,,,,,0.0,,,,,,,93.0,6.0,0.0,0.0,,,,,,
6.0,NYJ,CB,D.Roberts,,,,,,,,,,0.0,,,,,,,,,,,,,,,,
6.0,NE,WR,C.Hogan,,,,,,,,,,0.0,,,,,,,19.0,1.0,0.0,0.0,,,,,,
6.0,NYJ,LB,J.Martin,,,,,,,,,,0.0,,,,,,,,,,,,,,,,
6.0,NE,P,R.Allen,,,,,,,,,,0.0,,,,,,,,,,,,,,,,
6.0,NE,SS,J.Richards,,,,,,,,,,0.0,,,,,,,,,,,,,,,,
6.0,NE,DEF,D.Wise,,,,,,,,,,0.0,,,,,,,,,,,,,,,,
6.0,NE,WR,D.Amendola,,,,,,,,,,0.0,,,,,,,40.0,3.0,0.0,0.0,,,,,,
6.0,NYJ,SS,R.Miles,,,,,,,,,,0.0,,,,,,,,,,,,,,,,
6.0,NYJ,P,L.Edwards,,,,,,,,,,0.0,,,,,,,,,,,,,,,,
6.0,NE,RB,M.Gillislee,,,,,,,,,,0.0,,,44.0,0.0,0.0,1.0,,,,,,,,,,
6.0,NYJ,LB,D.Davis,,,,,,,,,,0.0,,,,,,,,,,,,,,,,
6.0,NYJ,OLB,D.Lee,,,,,,,,,,0.0,,,,,,,,,,,,,,,,
6.0,NE,RB,J.White,,,,,,,,,,0.0,,,23.0,0.0,0.0,,22.0,4.0,0.0,0.0,,,,,,
6.0,NYJ,CB,M.Claiborne,,,,,,,,,,0.0,,,,,,,,,,,,,,,,
6.0,NYJ,DB,B.Skrine,,,,,,,,,,0.0,,,,,,0.0,,,,,,,,,,
6.0,NE,OLB,K.Van Noy,,,,,,,,,,0.0,,,,,,,,,,,,,,,,
6.0,NE,DT,A.Branch,,,,,,,,,,0.0,,,,,,,,,,,,,,,,
6.0,NYJ,WR,J.Kearse,,,,,,,,,,0.0,,,,,,,79.0,4.0,0.0,0.0,,,,,,
6.0,NE,SS,P.Chung,,,,,,,,,,0.0,,,,,,,,,,,,,,,,
6.0,NE,FS,D.McCourty,,,,,,,,,,0.0,,,,,,,,,,,,,,,,
6.0,NYJ,DEF,M.Maye,,,,,,,,,,0.0,,,,,,,,,,,,,,,,
6.0,NYJ,OLB,D.Bass,,,,,,,,,,0.0,,,,,,,,,,,,,,,,
6.0,NE,DE,C.Marsh,,,,,,,,,,0.0,,,,,,,,,,,,,,,,
6.0,NE,DT,M.Brown,,,,,,,,,,0.0,,,,,,,,,,,,,,,,
6.0,NYJ,LB,J.Stanford,,,,,,,,,,0.0,,,,,,,,,,,,,,,,
6.0,NE,WR,P.Dorsett,,,,,,,,,,0.0,,,,,,,,,,,,,,,,
6.0,NYJ,DE,K.Ealy,,,,,,,,,,0.0,,,,,,,,,,,,,,,,
6.0,NYJ,OT,B.Shell,,,,,,,,,,0.0,,,,,,,,,,,,,,,,
6.0,NYJ,DT,S.McLendon,,,,,,,,,,0.0,,,,,,,,,,,,,,,,
6.0,NE,DB,B.King,,,,,,,,,,0.0,,,,,,,,,,,,,,,,
6.0,NYJ,RB,T.Cadet,,,,,,,,,,0.0,,,3.0,0.0,0.0,,26.0,3.0,0.0,0.0,,,,,,
6.0,NYJ,WR,E.Tomlinson,,,,,,,,,,0.0,,,,,,,,,,,,,,,,
6.0,NYJ,DE,M.Pennel,,,,,,,,,,0.0,,,,,,,,,,,,,,,,
6.0,NE,DEF,A.Butler,,,,,,,,,,0.0,,,,,,,,,,,,,,,,
6.0,NE,FS,D.Harmon,,,,,,,,,,0.0,,,,,,,,,,,,,,,,
6.0,NYJ,DT,L.Thomas,,,,,,,,,,0.0,,,,,,,5.0,1.0,0.0,0.0,,,,,,
6.0,NE,OT,M.Cannon,,,,,,,,,,0.0,,,,,,,,,,,,,,,,
6.0,NYJ,DB,T.Brooks,,,,,,,,,,0.0,,,,,,,,,,,,,,,,
6.0,NYJ,DE,M.Wilkerson,,,,,,,,,,0.0,,,,,,,,,,,,,,,,
6.0,NE,LS,J.Cardona,,,,,,,,,,0.0,,,,,,,,,,,,,,,,
6.0,NYJ,WR,X.Coleman,,,,,,,,,,0.0,,,,,,,,,,,,,,,,
6.0,SF,P,B.Pinion,,,,,,,,,,0.0,,,,,,,,,,,,,,,,
6.0,SF,OLB,E.Harold,,,,,,,,,,0.0,,,,,,,,,,,,,,,,
6.0,WAS,WR,J.Crowder,,,,,,,,,,0.0,,,11.0,0.0,0.0,,15.0,3.0,0.0,0.0,,,,,,
6.0,WAS,T,T.Williams,,,,,,,,,,0.0,,,,,,0.0,,,,,,,,,,
6.0,WAS,RB,C.Thompson,,,,,,,,,,0.0,,,33.0,0.0,0.0,0.0,105.0,4.0,0.0,0.0,,,,,,
6.0,SF,,K.Williams,,,,,,,,,,0.0,,,,,,,,,,,,,,,,
6.0,SF,CB,D.Johnson,,,,,,,,,,0.0,,,,,,,,,,,,,,,,
6.0,WAS,QB,K.Cousins,,,,,,,,,,0.0,,,26.0,0.0,1.0,,,,,,330.0,2.0,0.0,1.0,,
6.0,WAS,WR,T.Pryor,,,,,,,,,,0.0,,,,,,,23.0,3.0,0.0,0.0,,,,,,
6.0,SF,CB,R.Robinson,,,,,,,,,,0.0,,,,,,,,,,,,,,,,
6.0,WAS,RB,S.Perine,,,,,,,,,,0.0,,,23.0,0.0,0.0,,24.0,3.0,1.0,0.0,,,,,,
6.0,SF,DE,A.Armstead,,,,,,,,,,0.0,,,,,,,,,,,,,,,,
6.0,SF,MLB,B.Coyle,,,,,,,,,,0.0,,,,,,,,,,,,,,,,
6.0,SF,OLB,R.Armstrong,,,,,,,,,,0.0,,,,,,,,,,,,,,,,
6.0,SF,DEF,S.Thomas,,,,,,,,,,0.0,,,,,,,,,,,,,,,,
6.0,WAS,WR,J.Doctson,,,,,,,,,,0.0,,,,,,,11.0,1.0,1.0,0.0,,,,,,
6.0,WAS,K,D.Hopkins,,,,,,,,,,0.0,69.0,2.0,,,,,,,,,,,,,,
6.0,WAS,CB,B.Breeland,,,,,,,,,,0.0,,,,,,,,,,,,,,,,
6.0,SF,WR,M.Goodwin,,,,,,,,,,0.0,,,6.0,0.0,0.0,,26.0,2.0,0.0,0.0,,,,,,
6.0,WAS,DT,S.McGee,,,,,,,,,,0.0,,,,,,,,,,,,,,,,
6.0,SF,RB,C.Hyde,,,,,,,,,,0.0,,,28.0,0.0,2.0,,47.0,5.0,0.0,0.0,,,,,,
6.0,WAS,OLB,R.Kerrigan,,,,,,,,,,0.0,,,,,,,,,,,,,,,,
6.0,WAS,DEF,M.Nicholson,,,,,,,,,,0.0,,,,,,,,,,,,,,,,
6.0,WAS,LB,Z.Brown,,,,,,,,,,0.0,,,,,,,,,,,,,,,,
6.0,SF,QB,B.Hoyer,,,,,,,,,,0.0,,,,,,,,,,,34.0,0.0,0.0,0.0,,
6.0,SF,WR,P.Garcon,,,,,,,,,,0.0,,,,,,,55.0,5.0,0.0,0.0,,,,,,
6.0,WAS,DB,D.Swearinger,,,,,,,,,,0.0,,,,,,,,,,,,,,,,
6.0,SF,WR,G.Kittle,,,,,,,,,,0.0,,,,,,,46.0,4.0,0.0,0.0,,,,,,
6.0,SF,DE,D.Buckner,,,,,,,,,,0.0,,,,,,,,,,,,,,,,
6.0,WAS,WR,R.Grant,,,,,,,,,,0.0,,,,,,,39.0,3.0,0.0,0.0,,,,,,
6.0,WAS,P,T.Way,,,,,,,,,,0.0,,,,,,,,,,,,,,,,
6.0,SF,WR,T.Taylor,,,,,,,,,,0.0,,,,,,,11.0,2.0,0.0,0.0,,,,,,
6.0,SF,OT,T.Brown,,,,,,,,,,0.0,,,,,,,,,,,,,,,,
6.0,SF,TE,G.Celek,,,,,,,,,,0.0,,,,,,,13.0,1.0,0.0,0.0,,,,,,
6.0,WAS,LB,P.Smith,,,,,,,,,,0.0,,,,,,,,,,,,,,,,
6.0,WAS,DEF,M.Ioannidis,,,,,,,,,,0.0,,,,,,,,,,,,,,,,
6.0,SF,DEF,A.Witherspoon,,,,,,,,,,0.0,,,,,,,,,,,,,,,,
6.0,SF,OLB,A.Lynch,,,,,,,,,,0.0,,,,,,,,,,,,,,,,
6.0,SF,DL,X.Cooper,,,,,,,,,,0.0,,,,,,,,,,,,,,,,
6.0,SF,SS,J.Tartt,,,,,,,,,,0.0,,,,,,,,,,,,,,,,
6.0,WAS,RB,M.Brown,,,,,,,,,,0.0,,,2.0,0.0,0.0,,11.0,1.0,0.0,0.0,,,,,,
6.0,WAS,ILB,M.Foster,,,,,,,,,,0.0,,,,,,,,,,,,,,,,
6.0,WAS,CB,Q.Dunbar,,,,,,,,,,0.0,,,,,,,,,,,,,,,,
6.0,WAS,TE,J.Reed,,,,,,,,,,0.0,,,,,,,37.0,4.0,0.0,0.0,,,,,,
6.0,SF,FS,E.Reid,,,,,,,,,,0.0,,,,,,,,,,,,,,,,
6.0,SF,DT,E.Mitchell,,,,,,,,,,0.0,,,,,,,,,,,,,,,,
6.0,SF,WR,A.Robinson,,,,,,,,,,0.0,,,,,,,66.0,2.0,1.0,0.0,,,,,,
6.0,WAS,WR,J.Allen,,,,,,,,,,0.0,,,,,,,,,,,,,,,,
6.0,SF,DEF,D.Jones,,,,,,,,,,0.0,,,,,,,,,,,,,,,,
6.0,WAS,T,M.Moses,,,,,,,,,,0.0,,,,,,,,,,,,,,,,
6.0,WAS,TE,V.Davis,,,,,,,,,,0.0,,,,,,1.0,65.0,3.0,0.0,0.0,,,,,,
6.0,SF,WR,M.Breida,,,,,,,,,,0.0,,,21.0,0.0,0.0,,15.0,2.0,0.0,0.0,,,,,,
6.0,SF,QB,C.Beathard,,,,,,,,,,0.0,,,14.0,0.0,0.0,,,,,,245.0,1.0,0.0,1.0,,
6.0,WAS,OG,B.Scherff,,,,,,,,,,0.0,,,,,,,,,,,,,,,,
6.0,SF,,R.Gould,,,,,,,,,,0.0,52.0,3.0,,,,,,,,,,,,,,
6.0,WAS,DEF,F.Moreau,,,,,,,,,,0.0,,,,,,,,,,,,,,,,
6.0,WAS,CB,K.Fuller,,,,,,,,,,0.0,,,,,,,,,,,,,,,,
6.0,WAS,LB,C.Carter,,,,,,,,,,0.0,,,,,,,,,,,,,,,,
6.0,SF,,R.Mostert,,,,,,,,,,0.0,,,16.0,0.0,0.0,,,,,,,,,,,
6.0,SF,SS,J.Ward,,,,,,,,,,0.0,,,,,,0.0,,,,,,,,,,
6.0,SF,OLB,E.Dumervil,,,,,,,,,,0.0,,,,,,,,,,,,,,,,
6.0,WAS,TE,N.Paul,,,,,,,,,,0.0,,,-1.0,0.0,0.0,,,,,,,,,,,
6.0,SF,OLB,M.Nzeocha,,,,,,,,,,0.0,,,,,,,,,,,,,,,,
6.0,TB,K,P.Murray,,,,,,,,,,0.0,,1.0,,,,,,,,,,,,,,
6.0,TB,DE,C.Baker,,,,,,,,,,0.0,,,,,,,,,,,,,,,,
6.0,ARI,RB,A.Peterson,,,,,,,,,,0.0,,,134.0,0.0,2.0,0.0,,,,,,,,,,
6.0,ARI,WR,L.Fitzgerald,,,,,,,,,,0.0,,,,,,1.0,138.0,10.0,1.0,0.0,,,,,,
6.0,ARI,QB,C.Palmer,,,,,,,,,,0.0,,,-4.0,0.0,0.0,0.0,,,,,283.0,3.0,0.0,1.0,,
6.0,TB,DB,R.McClain,,,,,,,,,,0.0,,,,,,,,,,,,,,,,
6.0,TB,CB,V.Hargreaves III,,,,,,,,,,0.0,,,,,,,,,,,,,,,,
6.0,TB,DE,W.Gholston,,,,,,,,,,0.0,,,,,,,,,,,,,,,,
6.0,TB,SS,C.Conte,,,,,,,,,,0.0,,,,,,,,,,,,,,,,
6.0,TB,DB,B.Grimes,,,,,,,,,,0.0,,,,,,,,,,,,,,,,
6.0,ARI,TE,J.Gresham,,,,,,,,,,0.0,,,,,,,32.0,2.0,0.0,0.0,,,,,,
6.0,ARI,K,P.Dawson,,,,,,,,,,0.0,28.0,5.0,,,,,,,,,,,,,,
6.0,TB,WR,M.Evans,,,,,,,,,,0.0,,,,,,,95.0,3.0,1.0,0.0,,,,,,
6.0,TB,QB,J.Winston,,,,,,,,,,0.0,,,,,,,,,,,61.0,0.0,0.0,0.0,,
6.0,ARI,DT,C.Peters,,,,,,,,,,0.0,,,,,,,,,,,,,,,,
6.0,TB,RB,D.Martin,,,,,,,,,,0.0,,,53.0,1.0,1.0,,11.0,1.0,0.0,0.0,,,,,,
6.0,ARI,DB,T.Branch,,,,,,,,,,0.0,,,,,,,,,,,,,,,,
6.0,TB,TE,C.Brate,,,,,,,,,,0.0,,,,,,,76.0,6.0,1.0,0.0,,,,,,
6.0,ARI,LB,C.Jones,,,,,,,,,,0.0,,,,,,,,,,,,,,,,
6.0,TB,WR,D.Jackson,,,,,,,,,,0.0,,,,,,,38.0,3.0,1.0,0.0,,,,,,
6.0,ARI,CB,J.Bethel,,,,,,,,,,0.0,,,,,,,,,,,,,,,,
6.0,TB,RB,C.Sims III,,,,,,,,,,0.0,,,,,,,45.0,4.0,0.0,0.0,,,,,,
6.0,ARI,DEF,H.Reddick,,,,,,,,,,0.0,,,,,,,,,,,,,,,,
6.0,TB,P,B.Anger,,,,,,,,,,0.0,,,,,,,,,,,,,,,,
6.0,ARI,,K.Williams,,,,,,,,,,0.0,,,14.0,0.0,0.0,,,,,,,,,,,
6.0,TB,OLB,L.David,,,,,,,,,,0.0,,,,,,0.0,,,,,,,,,,
6.0,ARI,TE,T.Niklas,,,,,,,,,,0.0,,,,,,,20.0,2.0,1.0,0.0,,,,,,
6.0,TB,DEF,K.Beckwith,,,,,,,,,,0.0,,,,,,,,,,,,,,,,
6.0,TB,DEF,J.Evans,,,,,,,,,,0.0,,,,,,,,,,,,,,,,
6.0,TB,DT,G.McCoy,,,,,,,,,,0.0,,,,,,,,,,,,,,,,
6.0,ARI,WR,J.Brown,,,,,,,,,,0.0,,,,,,,63.0,3.0,1.0,0.0,,,,,,
6.0,TB,DE,R.Ayers Jr.,,,,,,,,,,0.0,,,,,,,,,,,,,,,,
6.0,ARI,LB,K.Martin,,,,,,,,,,0.0,,,,,,,,,,,,,,,,
6.0,ARI,OLB,D.Bucannon,,,,,,,,,,0.0,,,,,,,,,,,,,,,,
6.0,TB,WR,O.Howard,,,,,,,,,,0.0,,,,,,,15.0,1.0,0.0,0.0,,,,,,
6.0,ARI,LB,K.Dansby,,,,,,,,,,0.0,,,,,,,,,,,,,,,,
6.0,ARI,SS,A.Bethea,,,,,,,,,,0.0,,,,,,,,,,,,,,,,
6.0,TB,SS,T.Ward,,,,,,,,,,0.0,,,,,,,,,,,,,,,,
6.0,TB,DT,C.McDonald,,,,,,,,,,0.0,,,,,,,,,,,,,,,,
6.0,ARI,WR,Ja.Brown,,,,,,,,,,0.0,,,,,,,30.0,1.0,0.0,0.0,,,,,,
6.0,TB,,C.Lynch,,,,,,,,,,0.0,,,,,,,,,,,,,,,,
6.0,ARI,CB,P.Peterson,,,,,,,,,,0.0,,,,,,,,,,,,,,,,
6.0,TB,WR,A.Humphries,,,,,,,,,,0.0,,,,,,,51.0,6.0,0.0,0.0,,,,,,
6.0,TB,QB,R.Fitzpatrick,,,,,,,,,,0.0,,,10.0,0.0,0.0,,,,,,290.0,3.0,0.0,2.0,,
6.0,ARI,NT,R.Gunter,,,,,,,,,,0.0,,,,,,,,,,,,,,,,
6.0,TB,WR,C.Godwin,,,,,,,,,,0.0,,,,,,,9.0,1.0,0.0,0.0,,,,,,
6.0,TB,WR,B.Reedy,,,,,,,,,,0.0,,,4.0,0.0,0.0,,,,,,,,,,,
6.0,TB,OG,A.Marpet,,,,,,,,,,0.0,,,,,,,,,,,,,,,,
6.0,ARI,FS,T.Mathieu,,,,,,,,,,0.0,,,,,,,,,,,,,,,,
6.0,ARI,NT,J.Mauro,,,,,,,,,,0.0,,,,,,,,,,,,,,,,
6.0,ARI,WR,J.Nelson,,,,,,,,,,0.0,,,16.0,0.0,0.0,,,,,,,,,,,
6.0,TB,TE,L.Stocker,,,,,,,,,,0.0,,,,,,,5.0,1.0,0.0,0.0,,,,,,
6.0,TB,OT,D.Smith,,,,,,,,,,0.0,,,,,,,,,,,,,,,,
6.0,ARI,RB,A.Ellington,,,,,,,,,,0.0,,,,,,,,,,,,,,,,
6.0,ARI,DEF,B.Baker,,,,,,,,,,0.0,,,,,,,,,,,,,,,,
6.0,ARI,P,A.Lee,,,,,,,,,,0.0,,,,,,,,,,,,,,,,
6.0,ARI,CB,T.Williams,,,,,,,,,,0.0,,,,,,,,,,,,,,,,
6.0,TB,,J.Rodgers,,,,,,,,,,0.0,,,1.0,0.0,0.0,,6.0,1.0,0.0,0.0,,,,,,
6.0,TB,DEF,I.Johnson,,,,,,,,,,0.0,,,,,,,,,,,,,,,,
6.0,ARI,OT,E.Watford,,,,,,,,,,0.0,,,,,,0.0,,,,,,,,,,
6.0,TB,DE,N.Spence,,,,,,,,,,0.0,,,,,,,,,,,,,,,,
6.0,ARI,DE,F.Rucker,,,,,,,,,,0.0,,,,,,,,,,,,,,,,
6.0,TB,WR,P.Barber,,,,,,,,,,0.0,,,,,,,,,,,,,,,,
6.0,JAX,K,J.Myers,,,,,,,,,,0.0,41.0,2.0,,,,,,,,,,,,,,
6.0,LA,WR,P.Cooper,,,,,,,,,,0.0,,,,,,0.0,,,,,,,,,,
6.0,LA,K,G.Zuerlein,,,,,,,,,,0.0,85.0,3.0,,,,,,,,,,,,,,
6.0,JAX,RB,L.Fournette,,,,,,,,,,0.0,,,130.0,0.0,1.0,,8.0,2.0,0.0,0.0,,,,,,
6.0,JAX,DB,P.Thompson,,,,,,,,,,0.0,,,,,,,,,,,,,,,,
6.0,LA,RB,T.Gurley,,,,,,,,,,0.0,,,116.0,0.0,0.0,,4.0,1.0,0.0,0.0,,,,,,
6.0,JAX,OLB,T.Smith,,,,,,,,,,0.0,,,,,,,,,,,,,,,,
6.0,JAX,DT,M.Jackson,,,,,,,,,,0.0,,,,,,,,,,,,,,,,
6.0,LA,P,J.Hekker,,,,,,,,,,0.0,,,,,,,,,,,,,,,,
6.0,LA,CB,T.Johnson,,,,,,,,,,0.0,,,,,,,,,,,,,,,,
6.0,JAX,QB,B.Bortles,,,,,,,,,,0.0,,,19.0,0.0,0.0,0.0,,,,,241.0,1.0,0.0,1.0,,
6.0,JAX,WR,M.Lee,,,,,,,,,,0.0,,,17.0,0.0,0.0,,83.0,5.0,0.0,0.0,,,,,,
6.0,LA,OLB,A.Ogletree,,,,,,,,,,0.0,,,,,,,,,,,,,,,,
6.0,LA,OLB,C.Barwin,,,,,,,,,,0.0,,,,,,,,,,,,,,,,
6.0,JAX,P,B.Nortman,,,,,,,,,,0.0,,,,,,,,,,,,,,,,
6.0,LA,QB,J.Goff,,,,,,,,,,0.0,,,9.0,0.0,0.0,,,,,,124.0,1.0,0.0,0.0,,
6.0,LA,WR,R.Woods,,,,,,,,,,0.0,,,,,,1.0,70.0,5.0,0.0,0.0,,,,,,
6.0,JAX,CB,A.Bouye,,,,,,,,,,0.0,,,,,,,,,,,,,,,,
6.0,JAX,DT,A.Jones,,,,,,,,,,0.0,,,,,,,,,,,,,,,,
6.0,LA,WR,S.Watkins,,,,,,,,,,0.0,,,,,,,11.0,1.0,0.0,0.0,,,,,,
6.0,LA,CB,K.Webster,,,,,,,,,,0.0,,,,,,,,,,,,,,,,
6.0,JAX,WR,A.Hurns,,,,,,,,,,0.0,,,,,,,37.0,3.0,0.0,0.0,,,,,,
6.0,LA,OLB,C.Littleton,,,,,,,,,,0.0,,,,,,,,,,,,,,,1.0,
6.0,JAX,RB,C.Ivory,,,,,,,,,,0.0,,,3.0,0.0,0.0,,74.0,9.0,1.0,0.0,,,,,,
6.0,LA,TE,T.Higbee,,,,,,,,,,0.0,,,,,,,0.0,1.0,0.0,0.0,,,,,,
6.0,JAX,CB,A.Colvin,,,,,,,,,,0.0,,,,,,0.0,,,,,,,,,,
6.0,JAX,DE,Y.Ngakoue,,,,,,,,,,0.0,,,,,,,,,,,,,,,,
6.0,JAX,DE,C.Campbell,,,,,,,,,,0.0,,,,,,,,,,,,,,,,
6.0,LA,DE,R.Quinn,,,,,,,,,,0.0,,,,,,,,,,,,,,,,
6.0,LA,OLB,M.Barron,,,,,,,,,,0.0,,,,,,,,,,,,,,,,
6.0,JAX,WR,A.Benn,,,,,,,,,,0.0,,,,,,,,,,,,,,,,
6.0,JAX,OLB,M.Jack,,,,,,,,,,0.0,,,,,,,,,,,,,,,,
6.0,JAX,SS,B.Church,,,,,,,,,,0.0,,,,,,,,,,,,,,,,
6.0,LA,WR,C.Kupp,,,,,,,,,,0.0,,,,,,,35.0,2.0,0.0,0.0,,,,,,
6.0,JAX,DB,T.Gipson,,,,,,,,,,0.0,,,,,,,,,,,,,,,,
6.0,LA,WR,G.Everett,,,,,,,,,,0.0,,,,,,,4.0,1.0,1.0,0.0,,,,,,
6.0,LA,DEF,M.Fox,,,,,,,,,,0.0,,,,,,,,,,,,,,,,
6.0,JAX,WR,K.Cole,,,,,,,,,,0.0,,,,,,,7.0,1.0,0.0,0.0,,,,,,
6.0,LA,DB,Co.Davis,,,,,,,,,,0.0,,,,,,,,,,,,,,,,
6.0,LA,WR,T.Austin,,,,,,,,,,0.0,,,0.0,0.0,0.0,,,,,,,,,,,
6.0,JAX,WR,M.McCaffrey,,,,,,,,,,0.0,,,,,,,,,,,,,,,,
6.0,LA,DT,T.Walker,,,,,,,,,,0.0,,,,,,,,,,,,,,,,
6.0,LA,DEF,J.Johnson,,,,,,,,,,0.0,,,,,,,,,,,,,,,,
6.0,LA,DT,M.Brockers,,,,,,,,,,0.0,,,,,,,,,,,,,,,,
6.0,JAX,TE,M.Lewis,,,,,,,,,,0.0,,,,,,,,,,,,,,,,
6.0,LA,DT,A.Donald,,,,,,,,,,0.0,,,,,,,,,,,,,,,,
6.0,JAX,DEF,B.Brown,,,,,,,,,,0.0,,,,,,,,,,,,,,,,
6.0,LA,RB,M.Brown,,,,,,,,,,0.0,,,17.0,0.0,0.0,,,,,,,,,,,
6.0,LA,ILB,B.Hager,,,,,,,,,,0.0,,,,,,,,,,,,,,,,
6.0,JAX,WR,C.Robinson,,,,,,,,,,0.0,,,,,,0.0,,,,,,,,,,
6.0,LA,DB,N.Robey,,,,,,,,,,0.0,,,,,,,,,,,,,,,,
6.0,JAX,TE,J.O'Shaughnessy,,,,,,,,,,0.0,,,,,,,11.0,2.0,0.0,0.0,,,,,,
6.0,LA,DEF,T.Smart,,,,,,,,,,0.0,,,,,,,,,,,,,,,,
6.0,JAX,CB,J.Ramsey,,,,,,,,,,0.0,,,,,,,,,,,,,,,,
6.0,LA,DT,E.Westbrooks,,,,,,,,,,0.0,,,,,,,,,,,,,,,,
6.0,LA,DEF,S.Ebukam,,,,,,,,,,0.0,,,,,,,,,,,,,,,,
6.0,JAX,OL,P.Omameh,,,,,,,,,,0.0,,,,,,0.0,,,,,,,,,,
6.0,JAX,,T.Bohanon,,,,,,,,,,0.0,,,,,,,,,,,,,,,,
6.0,LA,DE,M.Longacre,,,,,,,,,,0.0,,,,,,,,,,,,,,,,
6.0,JAX,TE,B.Koyack,,,,,,,,,,0.0,,,,,,,21.0,1.0,0.0,0.0,,,,,,
6.0,JAX,DEF,L.Pitts,,,,,,,,,,0.0,,,,,,,,,,,,,,,,
6.0,JAX,DEF,E.Ankou,,,,,,,,,,0.0,,,,,,,,,,,,,,,,
6.0,JAX,DEF,D.Smoot,,,,,,,,,,0.0,,,,,,,,,,,,,,,,
6.0,KC,K,H.Butker,,,,,,,,,,0.0,79.0,1.0,,,,,,,,,,,,,,
6.0,KC,ILB,R.Ragland,,,,,,,,,,0.0,,,,,,,,,,,,,,,,
6.0,PIT,RB,L.Bell,,,,,,,,,,0.0,,,179.0,0.0,1.0,,12.0,3.0,0.0,0.0,,,,,,
6.0,KC,CB,M.Peters,,,,,,,,,,0.0,,,,,,,,,,,,,,,,
6.0,PIT,WR,J.Smith-Schuster,,,,,,,,,,0.0,,,,,,,32.0,3.0,0.0,0.0,,,,,,
6.0,PIT,QB,B.Roethlisberger,,,,,,,,,,0.0,,,-2.0,0.0,0.0,,,,,,252.0,1.0,0.0,1.0,,
6.0,PIT,RB,T.Watson,,,,,,,,,,0.0,,,3.0,0.0,0.0,,,,,,,,,,,
6.0,KC,OLB,D.Ford,,,,,,,,,,0.0,,,,,,,,,,,,,,,,
6.0,PIT,WR,A.Brown,,,,,,,,,,0.0,,,,,,0.0,155.0,8.0,1.0,0.0,,,,,,
6.0,KC,,T.Mitchell,,,,,,,,,,0.0,,,,,,,,,,,,,,,,
6.0,KC,DE,A.Bailey,,,,,,,,,,0.0,,,,,,,,,,,,,,,,
6.0,KC,OLB,J.Houston,,,,,,,,,,0.0,,,,,,,,,,,,,,,,
6.0,KC,CB,P.Gaines,,,,,,,,,,0.0,,,,,,,,,,,,,,,,
6.0,KC,CB,E.Murray,,,,,,,,,,0.0,,,,,,,,,,,,,,,,
6.0,KC,DB,D.Sorensen,,,,,,,,,,0.0,,,,,,,,,,,,,,,,
6.0,PIT,RB,J.Conner,,,,,,,,,,0.0,,,14.0,0.0,0.0,,,,,,,,,,,
6.0,PIT,P,J.Berry,,,,,,,,,,0.0,,,,,,,,,,,,,,,,
6.0,KC,WR,T.Hill,,,,,,,,,,0.0,,,-9.0,0.0,0.0,,34.0,5.0,0.0,0.0,,,,,,
6.0,PIT,SS,R.Golden,,,,,,,,,,0.0,,,,,,,,,,,,,,,,
6.0,PIT,OLB,B.Dupree,,,,,,,,,,0.0,,,,,,,,,,,,,,,,
6.0,KC,RB,K.Hunt,,,,,,,,,,0.0,,,21.0,0.0,0.0,,89.0,5.0,0.0,0.0,,,,,,
6.0,KC,OL,C.Erving,,,,,,,,,,0.0,,,,,,,,,,,,,,,,
6.0,KC,QB,A.Smith,,,,,,,,,,0.0,,,13.0,0.0,0.0,,,,,,246.0,1.0,0.0,0.0,,
6.0,KC,G,Z.Fulton,,,,,,,,,,0.0,,,,,,0.0,,,,,,,,,,
6.0,KC,WR,J.Chesson,,,,,,,,,,0.0,,,,,,,,,,,,,,,,
6.0,KC,P,D.Colquitt,,,,,,,,,,0.0,,,,,,,,,,,,,,,,
6.0,PIT,ILB,V.Williams,,,,,,,,,,0.0,,,,,,,,,,,,,,,,
6.0,PIT,DEF,T.Watt,,,,,,,,,,0.0,,,,,,,,,,,,,,,,
6.0,PIT,DE,S.Tuitt,,,,,,,,,,0.0,,,,,,,,,,,,,,,,
6.0,PIT,CB,A.Burns,,,,,,,,,,0.0,,,,,,,,,,,,,,,,
6.0,KC,TE,D.Harris,,,,,,,,,,0.0,,,,,,,,,,,,,,,,
6.0,KC,ILB,D.Johnson,,,,,,,,,,0.0,,,,,,,,,,,,,,,,
6.0,PIT,TE,V.McDonald,,,,,,,,,,0.0,,,,,,,26.0,1.0,0.0,0.0,,,,,,
6.0,KC,OLB,K.Pierre-Louis,,,,,,,,,,0.0,,,,,,,,,,,,,,,,
6.0,KC,SS,R.Parker,,,,,,,,,,0.0,,,,,,,,,,,,,,,,
6.0,PIT,WR,M.Bryant,,,,,,,,,,0.0,,,,,,,27.0,2.0,0.0,0.0,,,,,,
6.0,PIT,K,C.Boswell,,,,,,,,,,0.0,24.0,2.0,,,,,,,,,,,,,,
6.0,KC,,A.Hunt,,,,,,,,,,0.0,,,3.0,0.0,0.0,,,,,,,,,,,
6.0,PIT,OLB,J.Harrison,,,,,,,,,,0.0,,,,,,,,,,,,,,,,
6.0,PIT,DEF,M.Hilton,,,,,,,,,,0.0,,,,,,,,,,,,,,,,
6.0,KC,WR,D.Thomas,,,,,,,,,,0.0,,,,,,,61.0,3.0,1.0,0.0,,,,,,
6.0,PIT,CB,S.Davis,,,,,,,,,,0.0,,,,,,,,,,,,,,,,
6.0,KC,NT,B.Logan,,,,,,,,,,0.0,,,,,,,,,,,,,,,,
6.0,PIT,G,D.DeCastro,,,,,,,,,,0.0,,,,,,,,,,,,,,,,
6.0,PIT,CB,J.Haden,,,,,,,,,,0.0,,,,,,,,,,,,,,,,
6.0,KC,TE,T.Kelce,,,,,,,,,,0.0,,,,,,,37.0,4.0,0.0,0.0,,,,,,
6.0,KC,DT,R.Nunez-Roches,,,,,,,,,,0.0,,,,,,,,,,,,,,,,
6.0,KC,RB,C.West,,,,,,,,,,0.0,,,,,,,9.0,1.0,0.0,0.0,,,,,,
6.0,PIT,FS,M.Mitchell,,,,,,,,,,0.0,,,,,,,,,,,,,,,,
6.0,PIT,ILB,R.Shazier,,,,,,,,,,0.0,,,,,,,,,,,,,,,,
6.0,PIT,DE,C.Heyward,,,,,,,,,,0.0,,,,,,,,,,,,,,,,
6.0,KC,OLB,F.Zombo,,,,,,,,,,0.0,,,,,,,,,,,,,,,,
6.0,KC,DT,C.Jones,,,,,,,,,,0.0,,,,,,,,,,,,,,,,
6.0,PIT,C,B.Finney,,,,,,,,,,0.0,,,,,,,,,,,,,,,,
6.0,KC,CB,K.Acker,,,,,,,,,,0.0,,,,,,,,,,,,,,,,
6.0,PIT,OLB,T.Matakevich,,,,,,,,,,0.0,,,,,,,,,,,,,,,,
6.0,KC,WR,D.Robinson,,,,,,,,,,0.0,,,,,,,16.0,1.0,0.0,0.0,,,,,,
6.0,PIT,FB,R.Nix,,,,,,,,,,0.0,,,,,,,,,,,,,,,,
6.0,OAK,,G.Tavecchio,,,,,,,,,,0.0,44.0,1.0,,,,,,,,,,,,,,
6.0,OAK,,D.McCray,,,,,,,,,,0.0,,,,,,,,,,,,,,,,
6.0,LAC,DEF,D.King,,,,,,,,,,0.0,,,,,,,,,,,,,,,,
6.0,LAC,RB,M.Gordon,,,,,,,,,,0.0,,,83.0,0.0,1.0,,67.0,9.0,1.0,0.0,,,,,,
6.0,OAK,DEF,N.Morrow,,,,,,,,,,0.0,,,,,,,,,,,,,,,,
6.0,OAK,DE,M.Edwards,,,,,,,,,,0.0,,,,,,,,,,,,,,,,
6.0,OAK,LB,B.Irvin,,,,,,,,,,0.0,,,,,,,,,,,,,,,,
6.0,OAK,SS,T.Carrie,,,,,,,,,,0.0,,,,,,,,,,,,,,,,
6.0,LAC,QB,P.Rivers,,,,,,,,,,0.0,,,-4.0,0.0,0.0,,,,,,268.0,1.0,0.0,0.0,,
6.0,LAC,WR,K.Allen,,,,,,,,,,0.0,,,,,,,45.0,5.0,0.0,0.0,,,,,,
6.0,OAK,DE,D.Autry,,,,,,,,,,0.0,,,,,,,,,,,,,,,,
6.0,LAC,P,D.Kaser,,,,,,,,,,0.0,,,,,,,,,,,,,,,,
6.0,OAK,LB,S.Calhoun,,,,,,,,,,0.0,,,,,,,,,,,,,,,,
6.0,LAC,FS,T.Boston,,,,,,,,,,0.0,,,,,,,,,,,,,,,,
6.0,LAC,CB,A.Phillips,,,,,,,,,,0.0,,,,,,,,,,,,,,,,
6.0,OAK,,M.Lynch,,,,,,,,,,0.0,,,63.0,0.0,0.0,,,,,,,,,,,
6.0,OAK,T,D.Penn,,,,,,,,,,0.0,,,,,,,,,,,,,,,,
6.0,LAC,OLB,M.Ingram,,,,,,,,,,0.0,,,,,,,,,,,,,,,,
6.0,LAC,DEF,Tr.Williams,,,,,,,,,,0.0,,,,,,,,,,,,,,,,
6.0,OAK,WR,M.Crabtree,,,,,,,,,,0.0,,,,,,,52.0,6.0,1.0,0.0,,,,,,
6.0,OAK,QB,D.Carr,,,,,,,,,,0.0,,,0.0,0.0,0.0,0.0,,,,,171.0,1.0,0.0,2.0,,
6.0,OAK,DT,J.Ellis,,,,,,,,,,0.0,,,,,,,,,,,,,,,,
6.0,LAC,WR,A.Ekeler,,,,,,,,,,0.0,,,1.0,0.0,0.0,,8.0,1.0,0.0,0.0,,,,,,
6.0,LAC,TE,H.Henry,,,,,,,,,,0.0,,,,,,,90.0,5.0,0.0,0.0,,,,,,
6.0,LAC,K,N.Novak,,,,,,,,,,0.0,32.0,2.0,,,,,,,,,,,,,,
6.0,LAC,DT,B.Mebane,,,,,,,,,,0.0,,,,,,,,,,,,,,,,
6.0,LAC,,K.Toomer,,,,,,,,,,0.0,,,,,,,,,,,,,,,,
6.0,LAC,DE,C.Liuget,,,,,,,,,,0.0,,,,,,,,,,,,,,,,
6.0,OAK,WR,S.Roberts,,,,,,,,,,0.0,,,,,,,35.0,3.0,0.0,0.0,,,,,,
6.0,LAC,SS,J.Addae,,,,,,,,,,0.0,,,,,,,,,,,,,,,,
6.0,OAK,RB,J.Richard,,,,,,,,,,0.0,,,-1.0,0.0,0.0,0.0,27.0,3.0,0.0,0.0,,,,,,
6.0,LAC,OLB,H.Pullard,,,,,,,,,,0.0,,,,,,,,,,,,,,,,
6.0,OAK,WR,A.Cooper,,,,,,,,,,0.0,,,,,,,28.0,5.0,0.0,0.0,,,,,,
6.0,LAC,DB,C.Hayward,,,,,,,,,,0.0,,,,,,,,,,,,,,,,
6.0,LAC,DE,T.Palepoi,,,,,,,,,,0.0,,,,,,,,,,,,,,,,
6.0,LAC,OLB,J.Brown,,,,,,,,,,0.0,,,,,,,,,,,,,,,,
6.0,LAC,OLB,K.Emanuel,,,,,,,,,,0.0,,,,,,,,,,,,,,,,
6.0,LAC,DE,J.Bosa,,,,,,,,,,0.0,,,,,,,,,,,,,,,,
6.0,OAK,DEF,X.Woodson-Luster,,,,,,,,,,0.0,,,,,,,,,,,,,,,,
6.0,OAK,CB,D.McDonald,,,,,,,,,,0.0,,,,,,,,,,,,,,,,
6.0,OAK,P,M.King,,,,,,,,,,0.0,,,,,,,,,,,,,,,,
6.0,OAK,DE,K.Mack,,,,,,,,,,0.0,,,,,,,,,,,,,,,,
6.0,OAK,DE,J.Cowser,,,,,,,,,,0.0,,,,,,,,,,,,,,,,
6.0,OAK,DEF,T.Hester,,,,,,,,,,0.0,,,,,,,,,,,,,,,,
6.0,OAK,RB,D.Washington,,,,,,,,,,0.0,,,-8.0,0.0,0.0,,10.0,1.0,0.0,0.0,,,,,,
6.0,OAK,C,R.Hudson,,,,,,,,,,0.0,,,,,,0.0,,,,,,,,,,
6.0,LAC,WR,T.Benjamin,,,,,,,,,,0.0,,,,,,,,,,,,,,,,
6.0,OAK,WR,J.Holton,,,,,,,,,,0.0,,,,,,,,,,,,,,,,
6.0,OAK,CB,D.Amerson,,,,,,,,,,0.0,,,,,,0.0,,,,,,,,,,
6.0,OAK,SAF,K.Joseph,,,,,,,,,,0.0,,,,,,,,,,,,,,,,
6.0,LAC,WR,Ty.Williams,,,,,,,,,,0.0,,,,,,1.0,27.0,3.0,0.0,0.0,,,,,,
6.0,LAC,TE,A.Gates,,,,,,,,,,0.0,,,,,,,16.0,1.0,0.0,0.0,,,,,,
6.0,OAK,DB,R.Nelson,,,,,,,,,,0.0,,,,,,,,,,,,,,,,
6.0,LAC,DEF,M.Davis,,,,,,,,,,0.0,,,,,,,,,,,,,,,,
6.0,OAK,WR,C.Patterson,,,,,,,,,,0.0,,,55.0,0.0,1.0,,5.0,1.0,0.0,0.0,,,,,,
6.0,OAK,G,G.Jackson,,,,,,,,,,0.0,,,,,,,,,,,,,,,,
6.0,LAC,LB,N.Dzubnar,,,,,,,,,,0.0,,,,,,,,,,,,,,,,
6.0,LAC,DE,D.Philon,,,,,,,,,,0.0,,,,,,,,,,,,,,,,
6.0,OAK,TE,J.Cook,,,,,,,,,,0.0,,,,,,,14.0,2.0,0.0,0.0,,,,,,
6.0,LAC,,C.McCain,,,,,,,,,,0.0,,,,,,,,,,,,,,,,
6.0,LAC,WR,M.Williams,,,,,,,,,,0.0,,,,,,,15.0,1.0,0.0,0.0,,,,,,
6.0,LAC,DEF,R.Jenkins,,,,,,,,,,0.0,,,,,,,,,,,,,,,,
6.0,OAK,CB,K.McGill,,,,,,,,,,0.0,,,,,,,,,,,,,,,,
6.0,OAK,DB,E.Harris,,,,,,,,,,0.0,,,,,,,,,,,,,,,,
6.0,NYG,K,A.Rosas,,,,,,,,,,0.0,116.0,2.0,,,,,,,,,,,,,,
6.0,NYG,DEF,D.Deayon,,,,,,,,,,0.0,,,,,,,,,,,,,,,,
6.0,DEN,WR,B.Langley,,,,,,,,,,0.0,,,,,,,,,,,,,,,,
6.0,NYG,LB,K.Robinson,,,,,,,,,,0.0,,,,,,,,,,,,,,,,
6.0,NYG,DT,D.Harrison,,,,,,,,,,0.0,,,,,,,,,,,,,,,,
6.0,DEN,RB,C.Anderson,,,,,,,,,,0.0,,,17.0,0.0,0.0,,,,,,,,,,,
6.0,DEN,QB,T.Siemian,,,,,,,,,,0.0,,,9.0,0.0,0.0,0.0,,,,,376.0,1.0,0.0,2.0,,
6.0,DEN,WR,D. Thomas,,,,,,,,,,0.0,,,,,,1.0,133.0,10.0,0.0,0.0,,,,,,
6.0,NYG,CB,E.Apple,,,,,,,,,,0.0,,,,,,0.0,,,,,,,,,,
6.0,NYG,WR,E.Eagan,,,,,,,,,,0.0,,,,,,,,,,,,,,,,
6.0,DEN,P,R.Dixon,,,,,,,,,,0.0,,,,,,,,,,,,,,,,
6.0,NYG,QB,E.Manning,,,,,,,,,,0.0,,,0.0,0.0,0.0,0.0,,,,,128.0,1.0,0.0,0.0,,
6.0,NYG,WR,E.Engram,,,,,,,,,,0.0,,,,,,,82.0,5.0,1.0,0.0,,,,,,
6.0,NYG,RB,O.Darkwa,,,,,,,,,,0.0,,,117.0,0.0,0.0,,13.0,1.0,0.0,0.0,,,,,,
6.0,DEN,MLB,T.Davis,,,,,,,,,,0.0,,,,,,,,,,,,,,,,
6.0,DEN,FS,D.Stewart,,,,,,,,,,0.0,,,,,,,,,,,,,,,,
6.0,DEN,FS,J.Simmons,,,,,,,,,,0.0,,,,,,,,,,,,,,,,
6.0,DEN,ILB,B.Marshall,,,,,,,,,,0.0,,,,,,,,,,,,,,,,
6.0,NYG,RB,W.Gallman,,,,,,,,,,0.0,,,27.0,0.0,0.0,,5.0,2.0,0.0,0.0,,,,,,
6.0,NYG,TE,J.Adams,,,,,,,,,,0.0,,,,,,,6.0,1.0,0.0,0.0,,,,,,
6.0,DEN,FS,B.Roby,,,,,,,,,,0.0,,,,,,,,,,,,,,,,
6.0,DEN,OLB,C.Nelson,,,,,,,,,,0.0,,,,,,,,,,,,,,,,
6.0,DEN,,S.Harris,,,,,,,,,,0.0,,,,,,,,,,,,,,,,
6.0,DEN,DEF,D.Walker,,,,,,,,,,0.0,,,,,,,,,,,,,,,,
6.0,NYG,TE,M.LaCosse,,,,,,,,,,0.0,,,,,,,,,,,,,,,,
6.0,DEN,OLB,S.Barrett,,,,,,,,,,0.0,,,,,,,,,,,,,,,,
6.0,DEN,OG,A.Barbre,,,,,,,,,,0.0,,,,,,,,,,,,,,,,
6.0,NYG,DEF,C.Munson,,,,,,,,,,0.0,,,,,,,,,,,,,,,,
6.0,NYG,DE,J.Pierre-Paul,,,,,,,,,,0.0,,,,,,,,,,,,,,,,
6.0,DEN,TE,A.Derby,,,,,,,,,,0.0,,,,,,,10.0,1.0,0.0,0.0,,,,,,
6.0,DEN,DT,D.Peko,,,,,,,,,,0.0,,,,,,,,,,,,,,,,
6.0,NYG,RB,S.Vereen,,,,,,,,,,0.0,,,4.0,0.0,0.0,,,,,,,,,,,
6.0,NYG,P,B.Wing,,,,,,,,,,0.0,,,,,,,,,,,,,,,,
6.0,NYG,WR,M.Hunter,,,,,,,,,,0.0,,,,,,,,,,,,,,,,
6.0,NYG,DE,K.Wynn,,,,,,,,,,0.0,,,,,,,,,,,,,,,,1.0
6.0,DEN,RB,J.Charles,,,,,,,,,,0.0,,,19.0,0.0,0.0,,2.0,1.0,0.0,0.0,,,,,,
6.0,DEN,WR,E.Sanders,,,,,,,,,,0.0,,,,,,,76.0,5.0,0.0,0.0,,,,,,
6.0,NYG,SAF,D.Thompson,,,,,,,,,,0.0,,,,,,,,,,,,,,,,
6.0,NYG,OLB,B.Goodson,,,,,,,,,,0.0,,,,,,,,,,,,,,,,
6.0,DEN,RB,D.Booker,,,,,,,,,,0.0,,,2.0,0.0,0.0,,78.0,4.0,0.0,0.0,,,,,,
6.0,DEN,K,B.McManus,,,,,,,,,,0.0,28.0,1.0,,,,,,,,,,,,,,
6.0,DEN,CB,C.Harris,,,,,,,,,,0.0,,,,,,,,,,,,,,,,
6.0,NYG,OG,J.Pugh,,,,,,,,,,0.0,,,,,,,,,,,,,,,,
6.0,NYG,WR,R.Lewis,,,,,,,,,,0.0,,,,,,,15.0,1.0,0.0,0.0,,,,,,
6.0,NYG,DB,J.Jenkins,,,,,,,,,,0.0,,,,,,,,,,,,,,,,
6.0,NYG,DEF,D.Tomlinson,,,,,,,,,,0.0,,,,,,,,,,,,,,,,
6.0,DEN,WR,I.McKenzie,,,,,,,,,,0.0,,,,,,0.0,0.0,1.0,0.0,0.0,,,,,,
6.0,NYG,FS,L.Collins,,,,,,,,,,0.0,,,,,,,,,,,,,,,,
6.0,DEN,DE,D.Wolfe,,,,,,,,,,0.0,,,,,,,,,,,,,,,,
6.0,NYG,WR,T.Rudolph,,,,,,,,,,0.0,,,,,,,,,,,,,,,,
6.0,NYG,DB,R.Cockrell,,,,,,,,,,0.0,,,,,,,,,,,,,,,,
6.0,NYG,TE,R.Ellison,,,,,,,,,,0.0,,,,,,,,,,,,,,,,
6.0,DEN,TE,V.Green,,,,,,,,,,0.0,,,,,,,24.0,1.0,0.0,0.0,,,,,,
6.0,NYG,SS,N.Berhe,,,,,,,,,,0.0,,,,,,,,,,,,,,,,
6.0,DEN,WR,B.Fowler,,,,,,,,,,0.0,,,,,,,21.0,3.0,0.0,0.0,,,,,,
6.0,DEN,DT,A.Gotsis,,,,,,,,,,0.0,,,,,,,,,,,,,,,,1.0
6.0,NYG,WR,T.King,,,,,,,,,,0.0,,,,,,,7.0,1.0,0.0,0.0,,,,,,
6.0,NYG,LS,Z.DeOssie,,,,,,,,,,0.0,,,,,,,,,,,,,,,,
6.0,NYG,OLB,D.Kennard,,,,,,,,,,0.0,,,,,,,,,,,,,,,,
6.0,DEN,QB,B.Osweiler,,,,,,,,,,0.0,,,-1.0,0.0,0.0,,,,,,18.0,0.0,0.0,0.0,,
6.0,NYG,NT,R.Thomas,,,,,,,,,,0.0,,,,,,,,,,,,,,,,
6.0,DEN,G,R.Leary,,,,,,,,,,0.0,,,,,,,,,,,,,,,,
6.0,DEN,FB,A.Janovich,,,,,,,,,,0.0,,,,,,,,,,,,,,,,
6.0,DEN,WR,J.Taylor,,,,,,,,,,0.0,,,,,,,26.0,3.0,0.0,0.0,,,,,,
6.0,DEN,G,B.Turner,,,,,,,,,,0.0,,,,,,,,,,,,,,,,
6.0,DEN,OLB,V.Miller,,,,,,,,,,0.0,,,,,,,,,,,,,,,,
6.0,DEN,TE,J.Heuerman,,,,,,,,,,0.0,,,,,,,24.0,2.0,1.0,0.0,,,,,,
6.0,NYG,DEF,A.Moss,,,,,,,,,,0.0,,,,,,,,,,,,,,,,
6.0,NYG,DEF,C.Grant,,,,,,,,,,0.0,,,,,,,,,,,,,,,,
6.0,TEN,DEF,A.Jackson,,,,,,,,,,0.0,,,,,,,,,,,,,,,,
6.0,IND,K,R.Sanchez,,,,,,,,,,0.0,,,,,,,,,,,,,,,,
6.0,IND,LB,J.Bostic,,,,,,,,,,0.0,,,,,,,,,,,,,,,,
6.0,TEN,TE,D.Walker,,,,,,,,,,0.0,,,-3.0,0.0,0.0,,17.0,4.0,0.0,0.0,,,,,,
6.0,TEN,QB,M.Mariota,,,,,,,,,,0.0,,,0.0,0.0,0.0,,,,,,306.0,1.0,0.0,1.0,,
6.0,IND,NT,A.Woods,,,,,,,,,,0.0,,,,,,,,,,,,,,,,
6.0,IND,DB,M.Farley,,,,,,,,,,0.0,,,,,,,,,,,,,,,,
6.0,TEN,RB,D.Murray,,,,,,,,,,0.0,,,40.0,0.0,1.0,,47.0,4.0,0.0,0.0,,,,,,
6.0,IND,OLB,J.Simon,,,,,,,,,,0.0,,,,,,,,,,,,,,,,
6.0,IND,DE,M.Hunt,,,,,,,,,,0.0,,,,,,,,,,,,,,,,
6.0,IND,,R.Melvin,,,,,,,,,,0.0,,,,,,,,,,,,,,,,
6.0,TEN,RB,D.Henry,,,,,,,,,,0.0,,,131.0,0.0,1.0,,14.0,1.0,0.0,0.0,,,,,,
6.0,TEN,WR,E.Decker,,,,,,,,,,0.0,,,,,,,88.0,7.0,0.0,0.0,,,,,,
6.0,TEN,K,R.Succop,,,,,,,,,,0.0,191.0,3.0,,,,,,,,,,,,,,
6.0,IND,WR,Q.Bray,,,,,,,,,,0.0,,,,,,,,,,,,,,,,
6.0,TEN,CB,L.Sims,,,,,,,,,,0.0,,,,,,,,,,,,,,,,
6.0,TEN,ILB,W.Woodyard,,,,,,,,,,0.0,,,,,,0.0,,,,,,,,,,
6.0,IND,RB,F.Gore,,,,,,,,,,0.0,,,49.0,0.0,0.0,,18.0,2.0,0.0,0.0,,,,,,
6.0,TEN,ILB,A.Williamson,,,,,,,,,,0.0,,,,,,,,,,,,,,,,
6.0,IND,WR,M.Mack,,,,,,,,,,0.0,,,18.0,0.0,0.0,,,,,,,,,,,
6.0,IND,QB,J.Brissett,,,,,,,,,,0.0,,,15.0,0.0,0.0,,,,,,212.0,1.0,0.0,0.0,,
6.0,IND,WR,D.Moncrief,,,,,,,,,,0.0,,,,,,,67.0,5.0,0.0,0.0,,,,,,
6.0,IND,TE,J.Doyle,,,,,,,,,,0.0,,,,,,1.0,50.0,7.0,1.0,0.0,,,,,,
6.0,IND,K,A.Vinatieri,,,,,,,,,,0.0,113.0,1.0,,,,,,,,,,,,,,
6.0,IND,DT,J.Hankins,,,,,,,,,,0.0,,,,,,,,,,,,,,,,
6.0,IND,CB,D.Butler,,,,,,,,,,0.0,,,,,,,,,,,,,,,,
6.0,IND,DEF,M.Hooker,,,,,,,,,,0.0,,,,,,,,,,,,,,,,
6.0,IND,DE,B.Mingo,,,,,,,,,,0.0,,,,,,,,,,,,,,,,
6.0,IND,DE,J.Sheard,,,,,,,,,,0.0,,,,,,,,,,,,,,,,
6.0,IND,WR,K.Aiken,,,,,,,,,,0.0,,,,,,,21.0,2.0,0.0,0.0,,,,,,
6.0,TEN,,C.Riley,,,,,,,,,,0.0,,,,,,,,,,,,,,,,
6.0,TEN,DE,J.Casey,,,,,,,,,,0.0,,,,,,,,,,,,,,,,
6.0,TEN,OLB,D.Morgan,,,,,,,,,,0.0,,,,,,,,,,,,,,,,
6.0,IND,WR,T.Hilton,,,,,,,,,,0.0,,,,,,,19.0,1.0,0.0,0.0,,,,,,
6.0,TEN,WR,R.Matthews,,,,,,,,,,0.0,,,,,,,69.0,4.0,0.0,0.0,,,,,,
6.0,IND,CB,V.Davis,,,,,,,,,,0.0,,,,,,,,,,,,,,,,
6.0,IND,ILB,A.Morrison,,,,,,,,,,0.0,,,,,,,,,,,,,,,,
6.0,TEN,WR,T.Taylor,,,,,,,,,,0.0,,,,,,,61.0,2.0,1.0,0.0,,,,,,
6.0,TEN,SS,D.Searcy,,,,,,,,,,0.0,,,,,,,,,,,,,,,,
6.0,TEN,NT,A.Johnson,,,,,,,,,,0.0,,,,,,,,,,,,,,,,
6.0,TEN,SAF,K.Byard,,,,,,,,,,0.0,,,,,,,,,,,,,,,,
6.0,IND,RB,R.Turbin,,,,,,,,,,0.0,,,3.0,0.0,0.0,,37.0,4.0,0.0,0.0,,,,,,
6.0,TEN,DEF,J.Brown,,,,,,,,,,0.0,,,,,,,,,,,,,,,,
6.0,TEN,DE,K.Klug,,,,,,,,,,0.0,,,,,,,,,,,,,,,,
6.0,TEN,OLB,E.Walden,,,,,,,,,,0.0,,,,,,,,,,,,,,,,
6.0,TEN,CB,L.Ryan,,,,,,,,,,0.0,,,,,,,,,,,,,,,,
6.0,TEN,WR,E.Weems,,,,,,,,,,0.0,,,,,,,,,,,,,,,,
6.0,TEN,TE,P.Supernaw,,,,,,,,,,0.0,,,,,,,,,,,,,,,,
6.0,IND,DEF,G.Stewart,,,,,,,,,,0.0,,,,,,,,,,,,,,,,
6.0,TEN,P,B.Kern,,,,,,,,,,0.0,,,,,,,,,,,,,,,,
6.0,TEN,LB,N.Palmer,,,,,,,,,,0.0,,,,,,,,,,,,,,,,
6.0,IND,DEF,K.Moore,,,,,,,,,,0.0,,,,,,,,,,,,,,,,
6.0,IND,,J.George,,,,,,,,,,0.0,,,,,,,,,,,,,,,,
6.0,TEN,C,B.Jones,,,,,,,,,,0.0,,,,,,,,,,,,,,,,
6.0,IND,DE,H.Anderson,,,,,,,,,,0.0,,,,,,,,,,,,,,,,
6.0,TEN,WR,J.Smith,,,,,,,,,,0.0,,,,,,,10.0,1.0,0.0,0.0,,,,,,
6.0,IND,DEF,N.Hairston,,,,,,,,,,0.0,,,,,,,,,,,,,,,,
6.0,TEN,DB,B.McCain,,,,,,,,,,0.0,,,,,,,,,,,,,,,,
6.0,TEN,DE,D.Jones,,,,,,,,,,0.0,,,,,,,,,,,,,,,,
6.0,IND,FS,T.Green,,,,,,,,,,0.0,,,,,,,,,,,,,,,,
6.0,TEN,OLB,B.Orakpo,,,,,,,,,,0.0,,,,,,,,,,,,,,,,
